database,database_id,biosyn_class,compound,smiles
chEMBL,71455791,Polyketide,Abyssomicin C,CC1CC(C(=O)C2=C3C4(CC(C(O3)C(C4C=CC1=O)O)C)OC2=O)C
PubChem,6449919,None,aculeximycin,CCCC(C(C)C(C(CC)C=CC(C(C)C1CC=C(C(C(C(CC(C(C(CC2CC(C(C(O2)(CC(C(CCC(CC(CC=C(C(=O)O1)CC)O)O)C)OC3C(C(C(C(O3)C)O)OC4CC(C(C(O4)C)O)N)OC5C(C(C(C(O5)C)O)O)O)O)O)O)O)C)O)OC6C(C(C(C(O6)CO)O)O)O)C)O)C)O)O)OC7CC(C(C(O7)C)O)(C)N
PubChem,6442850,None,AF-toxin,CCC(C)C(C(=O)OC(C=CC=CC=CC(=O)O)C1(CO1)C)OC(=O)C(C(C)(C)O)O
PubChem,14421,None,aflatoxin,COC1=C2C3=C(C(=O)OCC3)C(=O)OC2=C4C5C=COC5OC4=C1
PubChem,5359485,None,alternariol,CC1=CC(=CC2=C1C3=C(C(=CC(=C3)O)O)C(=O)O2)O
PubChem,6918547,None,ambruticin,CCC1C(=CCC(O1)C(=CC(C)C=CC2C(C2C=CC3C(C(CC(O3)CC(=O)O)O)O)C)C)C
PubChem,5386092,None,amphotericin,CC1C=CC=CC=CC=CC=CC=CC=CC(CC2C(C(CC(O2)(CC(CC(C(CCC(CC(CC(=O)OC(C(C1O)C)C)O)O)O)O)O)O)O)C(=O)O)OC3C(C(C(C(O3)C)O)N)O
PubChem,5386092,Other,Amphotericin B,CC1C=CC=CC=CC=CC=CC=CC=CC(CC2C(C(CC(O2)(CC(CC(C(CCC(CC(CC(=O)OC(C(C1O)C)C)O)O)O)O)O)O)O)C(=O)O)OC3C(C(C(C(O3)C)O)N)O
PubChem,126727,Polyketide,Homoanatoxin-a,CCC(=O)C1=CCCC2CCC1N2
PubChem,6438267,None,angolamycin,CCC1C(C2C(O2)(C=CC(=O)C(CC(C(C(C(CC(=O)O1)O)C)OC3CC(C(C(O3)C)OC4CC(C(C(O4)C)O)(C)O)N(C)C)CC=O)C)C)COC5C(C(C(C(O5)C)O)OC)OC
PubChem,5477086,None,ansamitocin,CC1C2CC(C(C=CC=C(CC3=CC(=C(C(=C3)OC)Cl)N(C(=O)CC(C4(C1O4)C)OC(=O)C(C)C)C)C)OC)(NC(=O)O2)O
PubChem,44403674,None,apoptolidin,CC1C=C(C=C(C=C(C(=O)OC(CC(C(CCC=C(C=CC1OC2C(C(C(C(O2)C)OC)O)O)C)O)OC)C(C3(C(C(C(C(O3)CC(COC)OC4CC(C(C(O4)C)OC5CC(C(C(O5)C)O)OC)(C)O)C)O)C)O)O)C)C)C
PubChem,6436188,Polyketide,aureothin,CC1=C(OC(=C(C1=O)C)OC)C2CCC(=CC(=CC3=CC=C(C=C3)[N+](=O)[O-])C)O2
PubChem,6858006,None,avermectin,CCC(C)C1C(C=CC2(O1)CC3CC(O2)CC=C(C(C(C=CC=C4COC5C4(C(C=C(C5O)C)C(=O)O3)O)C)OC6CC(C(C(O6)C)OC7CC(C(C(O7)C)O)OC)OC)C)C
PubChem,20055307,Saccharide,Avilamycin C,CC1C(C(CC(O1)OC2C(OC3(CC2O)OC4C(OC(CC4(O3)C)OC5C(C(OC(C5OC)C)OC6C(OC(C(C6O)OC)OC7C(C8C(CO7)OC9(O8)C1C(C(C(O9)C)(C(C)O)O)OCO1)OC(=O)C(C)C)COC)O)C)C)O)OC(=O)C1=C(C(=C(C(=C1OC)Cl)O)Cl)C
PubChem,6439426,Polyketide,BE-14106,CCCC=CCC1CC=CC=C(C=CC=CC(C(C=C(C=CC=CC(=O)N1)C)O)O)C
PubChem,40486,None,calcimycin,CC1CCC2(C(CC(C(O2)C(C)C(=O)C3=CC=CN3)C)C)OC1CC4=NC5=C(O4)C=CC(=C5C(=O)O)NC
PubChem,6438329,None,calicheamicin,CCNC1COC(CC1OC)OC2C(C(C(OC2OC3C#CC=CC#CC4(CC(=O)C(=C3C4=CCSSSC)NC(=O)OC)O)C)NOC5CC(C(C(O5)C)SC(=O)C6=C(C(=C(C(=C6OC)OC)OC7C(C(C(C(O7)C)O)OC)O)I)C)O)O
PubChem,6445669,None,candicidin,CC1C=CC=CC=CC=CC=CC=CC=CC(CC(C(C(CC(=O)CC(CC(CC(CC(=O)CCCC(=O)CC(=O)OC1C(C)CC(C)C(CC(=O)C2=CC=C(C=C2)N)O)O)O)O)O)C(=O)O)O)OC3C(C(C(C(O3)C)O)N)O
PubChem,6436271,None,chalcomycin,CC1CC(C(C(O1)OC2C(CC(C(=O)C=CC3C(O3)C(C(OC(=O)C=CC2C)C)COC4C(C(C(C(O4)C)O)OC)OC)(C)O)C)O)OC
PubChem,442849,None,cichorine,CC1=C(C=C2C(=C1OC)CNC2=O)O
ChemSpider,27475147,None,coelimycin P1,C/C=C/C(=O)/C/1=C/C(=C\2/C=CCCN2)/SC[C@@H](C(=O)O1)NC(=O)C
PubChem,64715,None,compactin,CCC(C)C(=O)OC1CCC=C2C1C(C(C=C2)C)CCC3CC(CC(=O)O3)O
PubChem,6917059,None,concanamycin A,CCC1C(C(CC(=CC=CC(C(OC(=O)C(=CC(=CC(C1O)C)C)OC)C(C)C(C(C)C2(CC(C(C(O2)C=CC)C)O)O)O)OC)C)C)O
PubChem,114969,None,coronafacic acid,CCC1CC2C(CCC2=O)C(=C1)C(=O)O
PubChem,6449106,None,cremimycin,CCCCCCC1CC(=O)CCCC(CC(=O)C2=C(C(CC2C=C(C=CC=CC(=O)N1)C)OC3CC(C(C(O3)C)O)OC)O)O
PubChem,6438908,None,curacin A,CC1CC1C2=NC(CS2)C=CCCC=CC=C(C)CCC(CC=C)OC
PubChem,6438143,None,dehydrocurvularin,
PubChem,6438725,Polyketide,depudecin,CC(C1C(O1)C=CC2C(O2)C(C=C)O)O
PubChem,108014,None,dothistromin,C1C(OC2C1(C3=C(O2)C=C4C(=C3O)C(=O)C5=C(C=CC(=C5C4=O)O)O)O)O
PubChem,11509754,None,E-975,CCC=C(C)C(C(C)C=CC=CCCC(CC1=C(C(=O)C(O1)(C(C)O)O)C)O)O
PubChem,11494615,None,E-837,CC=C(C)C(C(C)C=CC=C(C)CCC(CC1=C(C(=O)C(O1)(C)O)C)O)O
PubChem,6436820,None,ebelactone,CCC(C)C(C(C)C(=O)C(C)C=C(C)CC(C)C1C(C(=O)O1)C)O
PubChem,23724554,None,ECO-02301,CC1C(C(C(C(O1)OC(CC=CC=CC=CC=CC=CC(C(C)C(C(C)C=CCCC=CC=CC=CC=CC(=O)NC2=C(CCC2=O)O)O)O)C(C)C(=O)CC(CC(CC(C=CCC(CC(CC(CC(C=CCC(CC(CCCN)O)O)O)O)O)O)O)O)O)O)O)O
PubChem,6444206,None,elaiophylin,CCC1C(OC(CC1OC2CC(C(C(O2)C)O)O)(C(C)C(C(C)C3C(C=CC=CC(=O)OC(C(C=CC=CC(=O)O3)C)C(C)C(C(C)C4(CC(C(C(O4)C)CC)OC5CC(C(C(O5)C)O)O)O)O)C)O)O)C
PubChem,12560,None,erythromycin,CCC1C(C(C(C(=O)C(CC(C(C(C(C(C(=O)O1)C)OC2CC(C(C(O2)C)O)(C)OC)C)OC3C(C(CC(O3)C)N(C)C)O)(C)O)C)C)O)(C)O
PubChem,24755489,Polyketide,Erythromycin D,
PubChem,71308195,None,esperamicin,CC1C(C(C(C(O1)OC2C#CC=CC#CC3(C(C(=O)C(=C2C3=CCSSSC)NC(=O)OC)OC4CC(C(C(O4)C)O)OC(=O)C5=CC(=C(C=C5NC(=O)C(=C)OC)OC)OC)O)OC6CC(C(CO6)NC(C)C)OC)O)NOC7CC(C(C(O7)C)SC)O
PubChem,68072,Polyketide,Orsellinic acid,CC1=CC(=CC(=C1C(=O)O)O)O
PubChem,6444177,None,FD-891,CC1C=C(C=C(C(=O)OC(CC=CC=CCC(C2C(C1O)O2)O)C(C)CCC(C(C)C(C(C)C(C)OC)O)O)C)C
PubChem,6433194,None,filipin,CCCCCC(C1C(CC(CC(CC(CC(CC(CC(C(=CC=CC=CC=CC=CC(C(OC1=O)C)O)C)O)O)O)O)O)O)O)O
PubChem,6436285,None,fostriecin,CC(C=CC1CC=CC(=O)O1)(C(CC(C=CC=CC=CCO)O)OP(=O)(O)O)O
PubChem,3431,None,fumonisin,CCCCC(C)C(C(CC(C)CC(CCCCC(CC(C(C)N)O)O)O)OC(=O)CC(CC(=O)O)C(=O)O)OC(=O)CC(CC(=O)O)C(=O)O
PubChem,6438453,Polyketide,galbonolide A,CCC1C(=CC(=C)CC(C=C(CC(C(=O)C(C(=O)O1)C)(CO)O)OC)C)C
PubChem,5288382,None,geldanamycin,CC1CC(C(C(C=C(C(C(C=CC=C(C(=O)NC2=CC(=O)C(=C(C1)C2=O)OC)C)OC)OC(=O)N)C)C)O)OC
PubChem,5359037,Polyketide,Griseoxanthone B,CC1=CC(=CC2=C1C(=O)C3=C(O2)C(=C(C=C3O)OC)C)O
PubChem,10259958,None,halstoctacosanolide,CCC(C(C)C(CC(C(C=C(C)CC(C)C1CC(C(C=CC=CCC(C(=O)CC2CCC(C(O2)(CC=C(C=C(C(C(=O)C=C(C(=O)O1)C)O)C)C)O)C)C)C)O)O)O)O)O
PubChem,6436247,None,herbimycin,CC1CC(C(C(C=C(C(C(C=CC=C(C(=O)NC2=CC(=O)C=C(C1OC)C2=O)C)OC)OC(=O)N)C)C)OC)OC
PubChem,5326384,None,hygrocin B,CCC1CCC(=O)C2=C(C(=CC3=C2C(=O)C4=C(C3=O)NC(=O)C=CC4(C(=O)OC(C(C=C1)O)C)C)C)O
PubChem,6474405,None,hypothemycin,CC1CC=CC(=O)C2C(O2)CC(C(C3=C(C(=CC(=C3)OC)O)C(=O)O1)O)O
ChemSpider,17273836,None,jerangolid D,CC[C@@H]1C(=CC[C@@H](O1)/C(=C/[C@H](C)/C=C/[C@H]2CC(=C(C(=O)O2)C)OC)/C)C
PubChem,6477354,Polyketide,kedarcidin,CC1C(C(CC(O1)OC2COC(=O)C(CC3=NC(=C(C=C3)OC4C=C5C#CC2=CC#CC6C5(C4OC7CC(C(C(O7)C)O)(C)O)O6)Cl)NC(=O)C8=C(C=C9C=C(C(=C(C9=C8)OC)OC)OC(C)C)O)O)N(C)C
PubChem,24839883,None,kijanimicin,CC1CC(C(C2C1C3(C(C=C2)C(=CCC(C(=CC4C=C(C(CC45C(=O)C(=C(O5)O)C3=O)C)CO)C)OC6CC(C(C(O6)C)NC(=O)OC)(C)[N+](=O)[O-])C)C)OC7CC(C(C(O7)C)O)OC8CC(C(C(O8)C)OC9CC(C(C(O9)C)OC)O)OC1CC(C(C(O1)C)O)O)C
PubChem,11669726,Polyketide,Lactimidomycin,CC1C=CC=CCCC=CC(=O)OC1C(=CC(C)C(=O)CC(CC2CC(=O)NC(=O)C2)O)C
PubChem,91790,None,laidlomycin,CCC(=O)OC(C(C)C1C(C(CC2(O1)CCC(O2)(C)C3CCC(O3)(C)C4C(CC(O4)C5C(CC(C(O5)(CO)O)C)C)C)O)C)C(C)C(=O)O
PubChem,122781,None,lankamycin,CC1CC(C(C(O1)OC2C(CC(C(=O)C(C(C(C(OC(=O)C(C(C2C)OC3CC(C(C(O3)C)OC(=O)C)(C)OC)C)C(C)C(C)O)C)OC(=O)C)C)(C)O)C)O)OC
PubChem,2724110,None,lasalocid,CCC(C1C(CC(O1)(CC)C2CCC(C(O2)C)(CC)O)C)C(=O)C(C)C(C(C)CCC3=C(C(=C(C=C3)C)O)C(=O)[O-])O.[Na+]
PubChem,53232,None,lovastatin,CCC(C)C(=O)OC1CC(C=C2C1C(C(C=C2)C)CCC3CC(CC(=O)O3)O)C
PubChem,6438438,Polyketide,Macbecin II,CC1CC(C(C(C=C(C(C(C=CC=C(C(=O)NC2=CC(=CC(=C2O)C1OC)O)C)C)OC(=O)N)C)C)OC)OC
PubChem,25170360,None,marineosin,CC1CC2CCCCCCCC3=CC=C(C2C4(O1)C(CC(=C5C=CC=N5)N4)OC)N3
PubChem,443563,None,megalomicin C2,CCC1C(C(C(C(=O)C(CC(C(C(C(C(C(=O)O1)C)OC2CC(C(C(O2)C)OC(=O)CC)(C)OC(=O)C)C)OC3C(C(CC(O3)C)N(C)C)O)(C)OC4CC(C(C(O4)C)O)N(C)C)C)C)O)(C)O
PubChem,6436158,None,midecamycin,CCC(=O)OC1CC(=O)OC(CC=CC=CC(C(CC(C(C1OC)OC2C(C(C(C(O2)C)OC3CC(C(C(O3)C)OC(=O)CC)(C)O)N(C)C)O)CC=O)C)O)C
PubChem,129467,None,monacolin K,CC1CC(C2C(C(C=CC2=C1)C)CCC3CC(CC(=O)O3)O)OC(=O)CC(C)O
PubChem,12118084,None,monascorubrin,CCCCCCCC(=O)C1=C2C=C3C=C(OC=C3C(=O)C2(OC1=O)C)C=CC
PubChem,4243,None,monensin,CCC1(CCC(O1)C2(CCC3(O2)CC(C(C(O3)C(C)C(C(C)C(=O)O)OC)C)O)C)C4C(CC(O4)C5C(CC(C(O5)(CO)O)C)C)C
PubChem,15596091,Polyketide,shamixanthone,CC1=CC2=C(C3=C1OCC(C3O)C(=C)C)C(=O)C4=C(C=CC(=C4O2)CC=C(C)C)O
PubChem,6436150,None,mycinamicin,CCC1C(C2C(O2)C=CC(=O)C(CC(C(C(C=CC(=O)O1)C)OC3C(C(CC(O3)C)N(C)C)O)C)C)(COC4C(C(C(C(O4)C)O)OC)OC)O
PubChem,5282079,None,mycolactone,CC1CC(=CCC(OC(=O)CCCC1OC(=O)C=CC(=CC(=CC=CC(=CC(C(CC(C)O)O)O)C)C)C)C(C)CC(=CC(C)C(CC(C)O)O)C)C
PubChem,446541,Polyketide,mycophenolic acid,CC1=C2COC(=O)C2=C(C(=C1OC)CC=C(C)CCC(=O)O)O
PubChem,11953995,None,nanchangmycin,CC1CC(C(OC1C2CC(C3(O2)C(C(CC(O3)C4(CCC5(O4)CC(C(C(O5)C(C)C=C(C)C(=O)C(C)CC(C)C(=O)O)C)O)C)OC6CCC(C(O6)C)OC)C)C)(CO)O)C
PubChem,10101379,Polyketide,naphthomycin,CC1C=CC=CC=C(C(=O)NC2=C(C(=O)C3=C(C2=O)C=C(C(=C3C(=O)C(=CC(C(C(C=CC(CC=C(C(=O)CC1O)C)O)C)O)C)C)O)C)Cl)C
PubChem,2723719,None,natamycin,CC1CC=CC=CC=CC=CC(CC2C(C(CC(O2)(CC(CC3C(O3)C=CC(=O)O1)O)O)O)C(=O)O)OC4C(C(C(C(O4)C)O)N)O
PubChem,23724973,None,nemadectin,CC1CC(=CCC2CC(CC3(O2)CC(C(C(O3)C(=CC(C)C)C)C)O)OC(=O)C4C=C(C(C5C4(C(=CC=C1)CO5)O)O)C)C
ChemSpider,8226279,Polyketide,SNF4435D,CC1=CC(=C[C@@]2([C@H]1[C@]3([C@@H]2C4=CC=C(C=C4)[N+](=O)[O-])C[C@H](OC3)C5=C(C(=O)C(=C(O5)OC)C)C)C)C
PubChem,447545,Polyketide,neocarzinostatin ,CC1C(C(C(C(O1)OC2C(C=C3C2=CC#CC4C(O4)(C#C3)C5COC(=O)O5)OC(=O)C6=C(C=CC7=C6C=C(C=C7C)OC)O)NC)O)O
PubChem,6440864,None,niddamycin,CC1CC=CC=CC(=O)C(CC(C(C(C(CC(=O)O1)O)OC)OC2C(C(C(C(O2)C)OC3CC(C(C(O3)C)OC(=O)CC(C)C)(C)O)N(C)C)O)CC=O)C
PubChem,23681158,None,nigericin,CC1CCC(OC1C(C)C(=O)[O-])CC2CC(C(C3(O2)C(CC(O3)(C)C4CCC(O4)(C)C5C(CC(O5)C6C(CC(C(O6)(CO)O)C)C)C)C)C)OC.[Na+]
PubChem,11286230,Polyketide,nystatin A1,CC1C=CC=CCCC=CC=CC=CC=CC(CC2C(C(CC(O2)(CC(C(CCC(CC(CC(CC(=O)OC(C(C1O)C)C)O)O)O)O)O)O)O)C(=O)O)OC3C(C(C(C(O3)C)O)N)O
PubChem,5281899,None,oligomycin,CCC1CCC2C(C(C(C3(O2)CCC(C(O3)CC(C)O)C)C)OC(=O)C=CC(C(C(C(=O)C(C(C(C(=O)C(C(C(CC=CC=C1)C)O)(C)O)C)O)C)C)O)C)C
PubChem,5289124,None,pactamycin,CC1=C(C(=CC=C1)O)C(=O)OCC2(C(C(C(C2(C)O)(C(C)O)NC(=O)N(C)C)N)NC3=CC=CC(=C3)C(=O)C)O
PubChem,3064514,Polyketide,7-deoxypactamycin,CCC1(C(C(C(C1(C)O)(COC(=O)C2=C(C=CC=C2O)C)O)NC3=CC=CC(=C3)C(=O)C)N)NC(=O)N(C)C
PubChem,4696,None,patulin,C1C=C2C(=CC(=O)O2)C(O1)O
PubChem,9842980,None,pestheic acid,CC1=CC(=C(C(=C1)OC2=C(C(=C(C=C2C(=O)OC)OC)Cl)O)C(=O)O)O
ChemSpider,27024550,Polyketide,phenylnannolone C,C/C(=C\C=C\c1ccccc1)/C=C/c2cccc(=O)o2
PubChem,11497184,None,phoslactomycin B,CCC1C=CC(=O)OC1C=CC(CCN)(C(CC(C=CC=CC2CCCCC2)O)OP(=O)(O)O)O
PubChem,5284447,None,pimaricin,CC1CC=CC=CC=CC=CC(CC2C(C(CC(O2)(CC(CC3C(O3)C=CC(=O)O1)O)O)O)C(=O)O)OC4C(C(C(C(O4)C)O)N)O
PubChem,44568919,None,pladienolide,CCC(C(C)C1C(O1)CC(C)C=CC=C(C)C2C(C=CC(C(CCC(CC(=O)O2)O)(C)O)OC(=O)C)C)O
PubChem,33137,None,pyoluteorin,C1=CC(=C(C(=C1)O)C(=O)C2=CC(=C(N2)Cl)Cl)O
PubChem,54734280,None,pyripyropene,
PubChem,133275,None,pyrrolomycin,C1=C(C(=C(N1)Cl)Cl)[N+](=O)[O-]
PubChem,6450983,None,quartromicin,CC1CC23C(C=CC=C(C(C4C(OC5(C4=O)CC(C(=CC5(C=CC(C6C(OC7(C6=O)CC(C(=CC7(C=CC=C(C(C8C(OC9(C8=O)CC(C(=CC9(C=CC(C(C2=O)C(O3)[O-])O)C)C=O)C)[O-])O)C)C)COC2C(C(C(C(O2)CO)O)O)O)C)[O-])O)C)C=O)C)[O-])O)C)C=C1COC1C(C(C(C(O1)CO)O)O)O
PubChem,6323491,None,radicicol,CC1CC2C(O2)C=CC=CC(=O)CC3=C(C(=CC(=C3Cl)O)O)C(=O)O1
PubChem,56840987,None,reveromycin,CCCCC1(CCC2(CCC(C(O2)CC=C(C)C=CC(C(C)C=CC(=O)O)O)C)OC1C=CC(=CC(=O)O)C)OC(=O)CCC(=O)O
PubChem,6324616,None,rifamycin,CC1C=CC=C(C(=O)NC2=CC(=C3C(=C2O)C(=C(C4=C3C(=O)C(O4)(OC=CC(C(C(C(C(C(C1O)C)O)C)OC(=O)C)C)OC)C)C)O)O)C
PubChem,6440843,None,rimocidin,CCCC1CC=CC=CC=CC=CC(CC2C(C(CC(O2)(CC(CCCC(=O)CC(C(C(=O)O1)CC)O)O)O)O)C(=O)O)OC3C(C(C(C(O3)C)O)N)O
PubChem,54678922,None,RK-682,CCCCCCCCCCCCCCCC(=O)C1=C(C(OC1=O)CO)O
PubChem,5459344,None,rubradirin,CC1C=C(C(=O)C2=C(C(=CC3=C2C(=O)C4=C(C3=O)NCC(O4)(C(=O)C(C1OC(=O)C5=C(C(=CC(=N5)C(=O)NC6=C(OC7=C(C6=O)C=CC(=C7)OC)O)OC8CC(C(C(O8)C)OC)(C)[N+](=O)[O-])O)O)C)C)O)C
PubChem,72370,Polyketide,salinomycin,CCC(C1CCC(C(O1)C(C)C(C(C)C(=O)C(CC)C2C(CC(C3(O2)C=CC(C4(O3)CCC(O4)(C)C5CCC(C(O5)C)(CC)O)O)C)C)O)C)C(=O)O
PubChem,11695330,None,salinosporamide A,CC12C(C(=O)NC1(C(=O)O2)C(C3CCCC=C3)O)CCCl
PubChem,119326,None,solanapyrone,CC1C=CC2CCCCC2C1C3=CC(=C(C(=O)O3)C=O)OC
PubChem,91782,None,spinosad,CCC1CCCC(C(C(=O)C2CC3C(C2CC(=O)O1)CCC4C3CC(C4)OC5CC(C(C(C5OC)OC)OC)C)C)OC6CCC(C(O6)C)N(C)C
PubChem,5280389,None,sterigmatocystin,
ChemSpider,19955692,Polyketide,stipitatic acid,c1c(cc(c(=O)cc1O)O)C(=O)O
PubChem,9887988,Polyketide,TAN-1612,CC(=O)C1=C(C2(C(=O)C3=C(C4=C(C=C(C=C4C=C3CC2(CC1=O)O)OC)O)O)O)O
PubChem,6439037,None,tautomycetin,CCC(=CC(=O)CC(C)CC(C)CCC(C(C)C(=O)CC(C(C)C(C)OC(=O)CC(C1=C(C(=O)OC1=O)C)O)O)O)C=C
PubChem,16759609,Polyketide,tautomycetin,CCC(=CC(=O)CC(C)CC(C)CCC(C(C)C(=O)CC(C(C)C(C)OC(=O)CC(C1=C(C(=O)OC1=O)C)O)O)O)C=C
PubChem,3034761,Polyketide,tautomycin,CC1CCC2(CCC(C(O2)C(C)CCC(C(C)C(=O)CC(C(C(C(C)C)OC(=O)CC(C3=C(C(=O)OC3=O)C)O)OC)O)O)C)OC1CCC(C)C(=O)C
PubChem,91437,None,terreic acid,CC1=C(C(=O)C2C(C1=O)O2)O
PubChem,12443340,Polyketide,terrein,CC=CC1=CC(=O)C(C1O)O
PubChem,6441953,None,tetrocarcin A,CC1CC(C(C2C1C3(C(C=C2)C(=CCC(C(=CC4C(C=C(CC45C(=O)C(=C(O5)O)C3=O)C=O)O)C)OC6CC(C(C(O6)C)NC(=O)OC)(C)[N+](=O)[O-])C)C)O)C
PubChem,54688688,None,tetronasin,CC1CCCC(C1C(C)C(=C2C(=O)COC2=O)O)C=C(CO)C3C(CCC(O3)C=CC(C)C4C(CC(O4)C(C)OC)C)C
PubChem,44472823,None,tetronomycin,CC1CCCC(C1C(C)C(=O)C2=C(C(=C)OC2=O)[O-])C=C(CO)C3C(CCC(O3)C=CCC4CCC(O4)C(C)OC)C.[Na+]
PubChem,70678896,Polyketide,tiacumicin B,CCC1C=C(C(CC=CC=C(C(=O)OC(CC=C(C=C(C1OC2C(C(C(C(O2)(C)C)OC(=O)C(C)C)O)O)C)C)C(C)O)COC3C(C(C(C(O3)C)OC(=O)C4=C(C(=C(C(=C4O)Cl)O)Cl)CC)O)OC)O)C
PubChem,6438888,None,vicenistatin,CC1CCC=CC=C(CC(=CCC(C(C=CC=CC(=O)NC1)C)OC2CC(C(C(O2)C)NC)O)C)C
PubChem,54679209,Polyketide,viridicatumtoxin,CC1=CCCC(C12CC3=C4C2=C(C=C(C4=C(C5=C3C(C6(CC(=O)C(=C(C6(C5=O)O)O)C(=O)N)O)O)O)O)OC)(C)C
PubChem,5381207,Polyketide,bongkrekic acid,CC(CC=CCCC=CC=CCC(C(=CC=C(C)C(=O)O)C)OC)C=CC(=CC(=O)O)CC(=O)O
PubChem,25235992,None,bryostatin,CCCC=CC=CC(=O)OC1C(=CC(=O)OC)CC2CC(OC(=O)CC(CC3CC(C(C(O3)(CC4CC(=CC(=O)OC)CC(O4)C=CC(C1(O2)O)(C)C)O)(C)C)OC(=O)C)O)C(C)O
PubChem,6197,Polyketide,cycloheximide,CC1CC(C(=O)C(C1)C(CC2CC(=O)NC(=O)C2)O)C
PubChem,6438594,Other,difficidin,CC1CC=CC=CC=CCCCC(C(=CC=CCC(OC(=O)CC1=C)CCC(=CC=C)C)C)OP(=O)(O)O
PubChem,44543739,Polyketide,13-epi-Dorrigocin A,CC(C=C(C)C(C(C)C(=O)CCCC1CC(=O)NC(=O)C1)O)C(C(C=CCCC=CC(=O)O)OC)O
PubChem,6451096,Other,macrolactin A,CC1CCCC=CC=CC(CC(CC=CC=CC(CC=CC=CC(=O)O1)O)O)O
ChemSpider,393914,Polyketide,Pseudomonic acid A,C[C@H]([C@H]1[C@@H](O1)C[C@H]2CO[C@H]([C@@H]([C@@H]2O)O)C/C(=C/C(=O)OCCCCCCCCC(=O)O)/C)[C@H](C)O
PubChem,71589684,None,tartrolon,[B-]123OC4C(=O)OC(CCC=CCCCCC(CC(=O)C(C5CCC(C(O1)(O5)C(O2)C(=O)OC(CCC=CC=CCCC(CC(=O)C(C6CCC(C4(C6)O3)C)C)O)C)C)C)O)C.[Na+]
PubChem,6441014,Polyketide,asukamycin,C1CCC(CC1)C=CC=CC=CC(=O)NC2=CC(C3C(C2=O)O3)(C=CC=CC=CC(=O)NC4=C(CCC4=O)O)O
PubChem,11593018,Alkaloid,gonyautoxin 2,C1C(C(C23N1C(=NC(C2NC(=N3)N)COC(=O)N)N)(O)O)OS(=O)(=O)O
PubChem,16037488,None,A-74528,CC1C(C2CC(=O)C3=C(C4=C(C=C(C=C4O)O)C5C3(C2C6=C1C(=CC(=C6C5=O)O)O)CC7=CC(=O)C=C(O7)O)O)O
PubChem,308141,None,aclacinomycin,CCC1(CC(C2=C(C3=C(C=C2C1C(=O)OC)C(=O)C4=C(C3=O)C(=CC=C4)O)O)OC5CC(C(C(O5)C)OC6CC(C(C(O6)C)OC7CCC(=O)C(O7)C)O)N(C)C)O
PubChem,5280985,Polyketide,Actinorhodin,CC1C2=C(CC(O1)CC(=O)O)C(=C3C(=O)C=C(C(=O)C3=C2O)C4=CC(=O)C5=C(C6=C(C(OC(C6)CC(=O)O)C)C(=C5C4=O)O)O)O
PubChem,15177995,Polyketide,Aranciamycin,CC1C(C(C(C(O1)OC2C(C(C(=O)C3=CC4=C(C(=C23)O)C(=O)C5=C(C4=O)C=CC=C5O)(C)O)OC)OC)O)O
PubChem,3074821,None,azicemicin,COC1=C2C(=C(C3=C(C(=C(C=C31)O)OC)O)O)C(=O)CC4C2(C(=O)CC(C4)(C5CN5)O)O
PubChem,126409,Polyketide,Benastatin B,CCCCCC1=C(C(=C2C(=C1)CCC3=C(C4=C(C=C32)C(C5=C(C4=O)C(=CC(=C5)O)O)(C)C)O)O)C(=O)O
PubChem,6438934,None,bryostatin,CCC(C)C(=O)OC1CC2CC(CC(=O)OC(CC3CC(=CC(=O)OC)CC(O3)(C(C=CC4CC(=CC(=O)OC)CC(O4)CC(C1(C)C)(O2)O)(C)C)O)C(C)O)O
PubChem,5281394,None,chartreusin,CC1C(C(C(C(O1)OC2=CC=CC3=C2C4=C5C6=C(C=CC(=C6C(=O)O4)C)OC(=O)C5=C3O)OC7C(C(C(C(O7)C)O)OC)O)O)O
PubChem,71402,None,chelocardin,CC1=C(C2=C(C3=C(CC4C(C(=O)C(=C(C4(C3=O)O)O)C(=O)C)N)C(=C2C=C1)C)O)O
PubChem,54676345,None,chlortetracycline,CC1(C2CC3C(C(=O)C(=C(C3(C(=O)C2=C(C4=C(C=CC(=C41)Cl)O)O)O)O)C(=O)N)N(C)C)O
PubChem,5351560,Polyketide,chromomycin A3,CC1C(C(CC(O1)OC2C(CC3=C(C2=O)C(=C4C(=C3)C=C(C(=C4O)C)OC5CC(C(C(O5)C)OC(=O)C)OC6CC(C(C(O6)C)OC)O)O)C(C(=O)C(C(C)O)O)OC)OC7CC(C(C(O7)C)O)OC8CC(C(C(O8)C)OC(=O)C)(C)O)O
PubChem,16219149,None,chrysomycin,CC1C(C(C(C(O1)C2=C3C(=C(C=C2)O)C(=CC4=C3OC(=O)C5=C4C(=CC(=C5)C)OC)OC)O)(C)O)O
ChemSpider,66267,Polyketide,Cinerubin B,CC[C@]1(C[C@@H](c2c(cc3c(c2O)C(=O)c4c(ccc(c4C3=O)O)O)[C@H]1C(=O)OC)O[C@H]5C[C@@H]([C@@H]([C@@H](O5)C)O[C@H]6C[C@H]7[C@@H]([C@@H](O6)C)O[C@H]8[C@@H](O7)CC(=O)[C@@H](O8)C)N(C)C)O
PubChem,156935,None,cosmomycin,CCC1(CCC2=C(C1OC3CC(C(C(O3)C)OC4CC(C(C(O4)C)OC5CCC(C(O5)C)O)O)N(C)C)C(=C6C(=C2O)C(=O)C7=C(C6=O)C=CC=C7O)O)O
PubChem,71587265,None,curamycin,CC1C(C(CC(O1)OC2C(OC3(CC2O)OC4C(OC(CC4(O3)C)OC5C(C(OC(C5OC)C)OC6C(OC(C(C6O)OC)OC7C(C8C(CO7)OC9(O8)C1C(C(C(O9)C)(C(=O)C)O)OCO1)OC(=O)C)COC)O)C)C)O)OC(=O)C1=C(C(=C(C(=C1OC)Cl)O)Cl)C
PubChem,54693033,None,dactylocycline,CC1C(C(CC(O1)OC2(C3CC4(C(C(=O)C(=C(C4(C(=O)C3=C(C5=C2C(=C(C=C5O)OC)Cl)O)O)O)C(=O)N)N(C)C)O)C)(C)NO)OC
PubChem,30323,None,daunorubicin,CC1C(C(CC(O1)OC2CC(CC3=C2C(=C4C(=C3O)C(=O)C5=C(C4=O)C(=CC=C5)OC)O)(C(=O)C)O)N)O
PubChem,31703,None,doxorubicin,CC1C(C(CC(O1)OC2CC(CC3=C2C(=C4C(=C3O)C(=O)C5=C(C4=O)C(=CC=C5)OC)O)(C(=O)CO)O)N)O
PubChem,71460594,Polyketide,Fluostatin F,CC12C(O1)C(C3=C4C(=C(C=C3C2=O)O)C5=C(C4=O)C=CC=C5O)OC
PubChem,5384075,Polyketide,fredericamycin A,CC=CC=CC1=CC2=CC3=C(C(=C2C(=O)N1)O)C4(CC3)C(=O)C5=C(C6=C(C(=C5C4=O)O)C(=O)C(=CC6=O)OC)O
PubChem,163292,None,frenolicin,CCCC1C2=C(C3C(O1)CC(=O)O3)C(=O)C4=C(C2=O)C(=CC=C4)O
PubChem,334288,None,gilvocarcin,CC(C1C(C(C(O1)C2=C3C(=C(C=C2)O)C(=CC4=C3OC(=O)C5=C4C(=CC(=C5)C=C)OC)OC)O)O)O
PubChem,29843,None,granaticin,CC1C2=C(C3C(O1)CC(=O)O3)C(=C4C(=C2O)C(=O)C5=C(C4=O)C6CC(C5(C(O6)C)O)O)O
PubChem,5458191,Polyketide,griseorhodin A,CC1=CC2=CC3=C(C(=C2C(=O)O1)O)OC4(C5C3O5)C(C6=CC7=C(C=C6O4)C(=O)C(=CC7=O)OC)O
PubChem,196899,None,hatomarubigin,CC1CC(C2=C(C1)C=CC3=C2C(=O)C4=C(C(=CC(=C4C3=O)OC)CC5=CC(=C6C(=C5O)C(=O)C7=C(C6=O)C=CC8=C7C(CC(C8)C)O)OC)O)O
PubChem,98033,None,hedamycin,CC1C(C(CC(O1)C2=CC(=C(C3=C2C(=O)C4=C(C3=O)C5=C(C(=C4)C)C(=O)C=C(O5)C6(C(O6)C7C(O7)C)C)O)C8CC(C(C(O8)C)O)(C)N(C)C)N(C)C)O
PubChem,443806,None,jadomycin,
PubChem,161863,None,kinamycin,CC(=O)OC1C(C2=C(C(C1(C)OC(=O)C)OC(=O)C)C(=C3C2=C(C4=CC=CC(=O)C4=C3O)[O-])[N+]#N)O
PubChem,3075475,None,lactonamycin,CC1C(CCC(O1)OC23COC4(C2(C(=O)C5=C(C3=O)C=C6C=C(C7=C(C6=C5O)CN(C7=O)C)O)OC(=O)C4)OC)O
PubChem,368342,Polyketide,Landomycin A,CC1C(CCC(O1)OC2CC(OC(C2O)C)OC3C(OC(CC3O)OC4CCC(OC4C)OC5CC(OC(C5O)C)OC6C(OC(CC6O)OC7=C8C(=C(C=C7)O)C(=O)C9=C(C8=O)C(CC1=C9C(=CC(=C1)C)O)O)C)C)O
PubChem,56841540,Polyketide,lomaiviticin A,CCC1(C(C(=O)C2=C3C(=C(C4=C(C=CC(=O)C4=C3O)O)[O-])C(=C2C1OC5CC(C(C(O5)C)N(C)C)O)[N+]#N)C6C(C(C7=C(C8=C(C9=C(C=CC(=O)C9=C(C8=C7C6=O)O)O)[O-])[N+]#N)(CC)OC1CC(C(C(O1)C)N(C)C)O)OC1CC(C(C(O1)C)O)OC)OC1CC(C(C(O1)C)O)OC
PubChem,56841540,Polyketide,Lomaiviticin A,CCC1(C(C(=O)C2=C3C(=C(C4=C(C=CC(=O)C4=C3O)O)[O-])C(=C2C1OC5CC(C(C(O5)C)N(C)C)O)[N+]#N)C6C(C(C7=C(C8=C(C9=C(C=CC(=O)C9=C(C8=C7C6=O)O)O)[O-])[N+]#N)(CC)OC1CC(C(C(O1)C)N(C)C)O)OC1CC(C(C(O1)C)O)OC)OC1CC(C(C(O1)C)O)OC
PubChem,5492139,None,lysolipin,CN1C(C(C2=C(C1=O)C(=C3C(=C2)C(C4C5=C3C(=C6C(=C5OCO4)OC7=C(C6=O)C=CC(=C7OC)Cl)O)OC)O)O)OC
PubChem,3035536,None,medermycin,CC1C(C(CC(O1)C2=CC3=C(C=C2)C(=O)C4=C(C3=O)C(OC5C4OC(=O)C5)C)N(C)C)O
PubChem,163659,None,mithramycin,CC1C(C(CC(O1)OC2CC(OC(C2O)C)OC3=CC4=CC5=C(C(=O)C(C(C5)C(C(=O)C(C(C)O)O)OC)OC6CC(C(C(O6)C)O)OC7CC(C(C(O7)C)O)OC8CC(C(C(O8)C)O)(C)O)C(=C4C(=C3C)O)O)O)O
PubChem,14965,Polyketide,nogalamycin,CC1C(C(C(C(O1)OC2CC(C(C3=CC4=C(C(=C23)O)C(=O)C5=C(C=C6C(=C5C4=O)OC7C(C(C(C6(O7)C)O)N(C)C)O)O)C(=O)OC)(C)O)OC)(C)OC)OC
PubChem,5289019,None,nogalamycin,CC1C(C(C(C(O1)OC2CC(C(C3=CC4=C(C(=C23)O)C(=O)C5=C(C=C6C(=C5C4=O)OC7C(C(C(C6(O7)C)O)N(C)C)O)O)C(=O)OC)(C)O)OC)(C)OC)OC
PubChem,72519,None,nonactin,CC1CC2CCC(O2)C(C(=O)OC(CC3CCC(O3)C(C(=O)OC(CC4CCC(O4)C(C(=O)OC(CC5CCC(O5)C(C(=O)O1)C)C)C)C)C)C)C
PubChem,5323531,Polyketide,oviedomycin,CC1=C(C2=CC(=C3C(=C2C(=O)C1=O)C(=O)C4=C(C3=O)C(=CC=C4)O)O)O
PubChem,5280972,None,oxytetracycline,CC1(C2C(C3C(C(=O)C(=C(N)O)C(=O)C3(C(=O)C2=C(C4=C1C=CC=C4O)O)O)N(C)C)O)O
PubChem,5479145,None,pradimicin,CC1C(C(C(C(O1)OC2C(C3=CC4=C(C(=C3C5=C2C=C(C(=C5O)C(=O)NC(C)C(=O)O)C)O)C(=O)C6=C(C4=O)C(=CC(=C6)OC)O)O)O)OC7C(C(C(CO7)O)O)O)NC
PubChem,5351169,None,prodigiosin,CCCCCC1=C(NC(=C1)C=C2C(=CC(=C3C=CC=N3)N2)OC)C
PubChem,126647,None,ravidomycin,CC1C(C(C(C(O1)C2=C3C(=C(C=C2)O)C(=CC4=C3OC(=O)C5=C4C(=CC(=C5)C=C)OC)OC)O)N(C)C)OC(=O)C
PubChem,198084,Polyketide,resistoflavin,CC1=CC(=C2C3=C1C(=O)C=C4C3(C5=C(C2=O)C(=CC(=C5C(=O)C4(C)C)O)O)O)O
PubChem,5351236,None,rhodomycin,CCC1(CC(C2=C(C1OC3CC(C(C(O3)C)O)N(C)C)C(=C4C(=C2O)C(=O)C5=C(C4=O)C=CC=C5O)O)OC6CC(C(C(O6)C)O)N(C)C)O
PubChem,5378308,None,rubromycin,COC1=CC(=C(C2=C1C(=O)C3=C(C2=O)OC(=C3)CCC4=C(C(=C5C(=C4)C=C(OC5=O)C(=O)OC)O)O)O)OC
PubChem,54702959,Polyketide,SF2575,CC=C(C)C(=O)OC1C(OC(CC1O)C2=C(C3=C(C=C2)C(C4CC5C(C(=O)C(=C(C5(C(=O)C4=C3O)OC)O)C(=O)N)OC(=O)C6=CC=CC=C6O)(C)OC)O)C
chEBI,None,Polyketide,Urdamycin A,
PubChem,175975,None,urdamycin,CC1C(CCC(O1)OC23C(=O)CC(CC2(C(=CC4=C3C(=O)C5=C(C4=O)C(=C(C=C5)C6CC(C(C(O6)C)O)OC7CCC(C(O7)C)OC8CC(C(C(O8)C)O)O)O)SC)O)(C)O)O
PubChem,16547,Polyketide,"2,4-diacetylphloroglucinol",CC(=O)C1=C(C(=C(C=C1O)O)C(=O)C)O
PubChem,16547,None,"2,4-Diacetylphloroglucinol",CC(=O)C1=C(C(=C(C=C1O)O)C(=O)C)O
PubChem,160478,Polyketide,Flaviolin,C1=C(C=C(C2=C1C(=O)C(=O)C=C2O)O)O
PubChem,25245076,None,viguiepinol,CC1(C2CCC3CC(CC=C3C2(CCC1O)C)(C)C=C)C
PubChem,6440994,None,2-amino-4-methoxy-trans-3-butenoic acid,COC=CC(C(=O)O)N
ChemSpider,32741751,NRP,A40926,CC(C)CCCCCCCCC(=O)N[C@@H]1[C@H]([C@@H]([C@H](O[C@H]1Oc2c3cc4cc2Oc5ccc(cc5Cl)[C@H]([C@H]6C(=O)N[C@@H](c7cc(cc(c7-c8cc(ccc8O)[C@H](C(=O)N6)NC(=O)[C@@H]4NC(=O)[C@@H]9c1cc(cc(c1Cl)O)Oc1ccc(cc1O)[C@H](C(=O)N[C@H](Cc1ccc(cc1)O3)C(=O)N9)NC)O[C@@H]1[C@H]([C@H]([C@@H]([C@H](O1)CO)O)O)O)O)C(=O)O)O)C(=O)O)O)O
PubChem,16131155,NRP,A47934,C1C2C(=O)NC(C3=CC(=CC(=C3)OC4=C(C=CC(=C4)C(C(=O)N2)N)OS(=O)(=O)O)O)C(=O)NC5C6=CC(=C(C(=C6)OC7=C(C=C(C=C7)C(C8C(=O)NC(C9=C(C(=CC(=C9)O)O)C2=C(C(=CC(=C2)C(C(=O)N8)NC5=O)Cl)O)C(=O)O)O)Cl)O)OC2=C(C=C1C=C2)Cl
PubChem,161315,None,acetylaranotin,CC(=O)OC1C=COC=C2C1N3C(=O)C45CC6=COC=CC(C6N4C(=O)C3(C2)SS5)OC(=O)C
PubChem,5492097,None,acinetobactin ,CC1C(NC(=C2C=CC=C(C2=O)O)O1)C(=O)N(CCC3=CN=CN3)O
PubChem,2019,None,actinomycin,CC1C(C(=O)NC(C(=O)N2CCCC2C(=O)N(CC(=O)N(C(C(=O)O1)C(C)C)C)C)C(C)C)NC(=O)C3=C4C(=C(C=C3)C)OC5=C(C(=O)C(=C(C5=N4)C(=O)NC6C(OC(=O)C(N(C(=O)CN(C(=O)C7CCCN7C(=O)C(NC6=O)C(C)C)C)C)C(C)C)C)N)C
ChemSpider,9977735,NRP,Aeruginosin 98-C,Brc1c(O)ccc(c1)C[C@@H](O)C(=O)N[C@@H](C(=O)N2[C@H](C(=O)NCCCC/N=C(\N)N)C[C@@H]3CC[C@@H](OS(=O)(=O)O)C[C@H]23)[C@H](C)CC
PubChem,24205476,None,amychelin,CC(C(C(=O)NC(CO)C(=O)NC(CO)C(=O)NC1CC2=CC(=C(C=C2[N+](C1)(C)C)O)O)NC(=O)CC(CC(C(CO)NC(=O)C3=CC=CC=C3O)O)O)O
PubChem,44558924,NRP,anabaenopeptin,CC1C(=O)NC(C(=O)NCCCCC(C(=O)NC(C(=O)N(C(C(=O)N1C)CCC2=CC=C(C=C2)O)C)C(C)C)NC(=O)NC(CCCN=C(N)N)C(=O)O)CC3=CC=CC=C3
PubChem,5311005,None,anthramycin,CC1=C(C2=C(C=C1)C(=O)N3C=C(CC3C(N2)O)C=CC(=O)N)O
PubChem,467801,None,apicidin,CCC(C)C1C(=O)N2CCCCC2C(=O)NC(C(=O)NC(C(=O)N1)CC3=CN(C4=CC=CC=C43)OC)CCCCCC(=O)CC
PubChem,54586211,NRP,Arylomycin,CCCCCCCCCCCCCCCC(=O)N(C)C(CO)C(=O)NC(C)C(=O)NCC(=O)N(C)C1C2=CC(=C(C=C2)O)C3=C(C=CC(=C3)CC(NC(=O)C(NC1=O)C)C(=O)O)O
PubChem,72050,None,aureobasidin A1,CCC(C)C1C(=O)N(C(C(=O)NC(C(=O)N(C(C(=O)OC(C(=O)N(C(C(=O)NC(C(=O)N(C(C(=O)N2CCCC2C(=O)N1)CC3=CC=CC=C3)C)CC4=CC=CC=C4)C(C)C)C)C(C)CC)C(C)(C)O)C)CC(C)C)C(C)C)C
PubChem,65281,None,bacitracin,CCC(C)C1C(=O)NC(C(=O)NC(C(=O)NC(C(=O)NC(C(=O)NCCCCC(C(=O)NC(C(=O)N1)CCCN)NC(=O)C(C(C)CC)NC(=O)C(CCC(=O)O)NC(=O)C(CC(C)C)NC(=O)C2CSC(=N2)C(C(C)CC)N)CC(=O)N)CC(=O)O)CC3=CN=CN3)CC4=CC=CC=C4
PubChem,16131414,None,balhimycin,CC1C(=O)C(CC(O1)OC2C3C(=O)NC(C4=C(C(=CC(=C4)O)O)C5=C(C=CC(=C5)C(C(=O)N3)NC(=O)C6C7=CC(=C(C(=C7)OC8=C(C=C2C=C8)Cl)OC9C(C(C(C(O9)CO)O)O)O)OC1=C(C=C(C=C1)C(C(C(=O)NC(C(=O)N6)CC(=O)N)NC(=O)C(CC(C)C)NC)O)Cl)O)C(=O)O)(C)N
PubChem,163065,None,bassianolide,CC(C)CC1C(=O)OC(C(=O)N(C(C(=O)OC(C(=O)N(C(C(=O)OC(C(=O)N(C(C(=O)OC(C(=O)N1C)C(C)C)CC(C)C)C)C(C)C)CC(C)C)C)C(C)C)CC(C)C)C)C(C)C
PubChem,3007984,None,beauvericin,CC(C)C1C(=O)N(C(C(=O)OC(C(=O)N(C(C(=O)OC(C(=O)N(C(C(=O)O1)CC2=CC=CC=C2)C)C(C)C)CC3=CC=CC=C3)C)C(C)C)CC4=CC=CC=C4)C
PubChem,3000502,None,capreomycin,CC1C(=O)NC(C(=O)NC(=CNC(=O)N)C(=O)NC(C(=O)NCC(C(=O)N1)N)C2CCN=C(N2)N)CNC(=O)CC(CCCN)N.C1CN=C(NC1C2C(=O)NCC(C(=O)NC(C(=O)NC(C(=O)NC(=CNC(=O)N)C(=O)N2)CNC(=O)CC(CCCN)N)CO)N)N
PubChem,65536,None,cephalosporin C,CC(=O)OCC1=C(N2C(C(C2=O)NC(=O)CCCC(C(=O)O)N)SC1)C(=O)O
PubChem,25058126,None,"cephalosporin, cefEFG genes",C=C1CSC(N=C1C(=O)O)C(C(=O)O)NC(=O)CCCCC(C(=O)O)N
PubChem,161591,None,chaetocin,CN1C(=O)C23CC4(C(N2C(=O)C1(SS3)CO)NC5=CC=CC=C54)C67CC89C(=O)N(C(C(=O)N8C6NC1=CC=CC=C71)(SS9)CO)C
PubChem,445806,None,chloroeremomycin,CC1C(C(CC(O1)OC2C(C(C(OC2OC3=C4C=C5C=C3OC6=C(C=C(C=C6)C(C7C(=O)NC(C8=C(C(=CC(=C8)O)O)C9=C(C=CC(=C9)C(C(=O)N7)NC(=O)C5NC(=O)C(NC(=O)C(C(C1=CC(=C(O4)C=C1)Cl)O)NC(=O)C(CC(C)C)NC)CC(=O)N)O)C(=O)O)OC1CC(C(C(O1)C)O)(C)N)Cl)CO)O)O)(C)N)O
PubChem,3247071,None,coelichelin,CC(C(C(=O)N(CCCC(C(=O)O)NC(=O)C(CCCN(C=O)O)N)O)NC(=O)C(CCCN(C=O)O)N)O
PubChem,16129736,None,complestatin,CN1C(CC2=CC=C(C=C2)OC3=CC4=CC(=C3O)C5=CC6=C(C=C5)C(=CN6)CC(C(=O)NC(C(=O)NC4C(=O)NC(C1=O)C7=CC(=C(C(=C7)Cl)O)Cl)C8=CC(=C(C(=C8)Cl)O)Cl)NC(=O)C(=O)C9=CC(=C(C(=C9)Cl)O)Cl)C(=O)NC(C1=CC=C(C=C1)O)C(=O)O
PubChem,91681,None,coronatine,CCC1CC2C(CCC2=O)C(=C1)C(=O)NC3(CC3CC)C(=O)O
PubChem,46881045,None,cyanopeptolin,CCC(C)C1C(=O)OC(C(C(=O)NC(C(=O)NC2CCC(N(C2=O)C(C(=O)N(C(C(=O)N1)CC3=CC=CC=C3)C)C(C)CC)O)CCCN=C(N)N)NC(=O)C(COS(=O)(=O)O)O)C
PubChem,25220882,NRP,cyclomarin D,CC1C(=O)NC(C(=O)NC(C(=O)N(C(C(=O)NC(C(=O)NC(C(=O)NC(C(=O)N1)CC(C)CO)C(C2=CN(C3=CC=CC=C32)C(C)(C)C=C)O)C(C)C=C(C)C)CC(C)C)C)C(C)C)C(C4=CC=CC=C4)OC
PubChem,6435893,None,cyclosporin,CCC1C(=O)N(CC(=O)N(C(C(=O)NC(C(=O)N(C(C(=O)NC(C(=O)NC(C(=O)N(C(C(=O)N(C(C(=O)N(C(C(=O)N(C(C(=O)N1)C(C(C)CC=CC)O)C)C(C)C)C)CC(C)C)C)CC(C)C)C)C)C)CC(C)C)C)C(C)C)CC(C)C)C)C
PubChem,21585658,None,daptomycin,CCCCCCCCCC(=O)NC(CC1=CNC2=CC=CC=C21)C(=O)NC(CC(=O)N)C(=O)NC(CC(=O)O)C(=O)NC3C(OC(=O)C(NC(=O)C(NC(=O)C(NC(=O)CNC(=O)C(NC(=O)C(NC(=O)C(NC(=O)C(NC(=O)CNC3=O)CCCN)CC(=O)O)C)CC(=O)O)CO)C(C)CC(=O)O)CC(=O)C4=CC=CC=C4N)C
PubChem,122810,NRP,destruxin,CCC(C)C1C(=O)N(C(C(=O)N(C(C(=O)NCCC(=O)OC(C(=O)N2CCCC2C(=O)N1)CC=C)C)C)C(C)C)C
PubChem,456858,NRP,Echinocandin B,CCCCCCCCCCCCCCCC(=O)NC1CC(C(NC(=O)C2C(C(CN2C(=O)C(NC(=O)C(NC(=O)C3CC(CN3C(=O)C(NC1=O)C(C)O)O)C(C(C4=CC=C(C=C4)O)O)O)C(C)O)C)O)OCCCN)O
PubChem,3197,None,echinomycin,CC1C(=O)N(C2CSC(C(C(=O)N(C(C(=O)OCC(C(=O)N1)NC(=O)C3=NC4=CC=CC=C4N=C3)C(C)C)C)N(C(=O)C(NC(=O)C(COC(=O)C(N(C2=O)C)C(C)C)NC(=O)C5=NC6=CC=CC=C6N=C5)C)C)SC)C
PubChem,46886765,None,enduracidin,CC1C(C(=O)NC(C(=O)NC(C(=O)NC(C(=O)NC(C(=O)NC(C(=O)NC(C(=O)NC(C(=O)NC(C(=O)NC(C(=O)NC(C(=O)NC(C(=O)NCC(=O)NC(C(=O)NC(C(=O)NC(C(=O)O1)C2=CC=C(C=C2)O)C)CC3CNC(=N)N3)C4=CC(=C(C(=C4)Cl)O)Cl)CO)C5=CC(=C(C=C5)O)Cl)CC6CNC(=N)N6)CCCNC(=O)N)C(C)O)C7=CC=C(C=C7)O)C8=CC=C(C=C8)O)C(C)O)CCCN)C9=CC=C(C=C9)O)NC(=O)C(CC(=O)O)NC(=O)C=CC=CCCCCC(C)C
PubChem,16727692,None,enniatin,CCCCC1C(=O)OC(C(=O)N(C(C(=O)OC(C(=O)N(C(C(=O)OC(C(=O)N1C)C(C)C)C(C)CC)C)C(C)C)C(C)C)C)C(C)C
PubChem,34231,None,enterobactin,C1C(C(=O)OCC(C(=O)OCC(C(=O)O1)NC(=O)C2=C(C(=CC=C2)O)O)NC(=O)C3=C(C(=CC=C3)O)O)NC(=O)C4=C(C(=CC=C4)O)O
PubChem,196802,NRP,eponemycin,CC(C)CCCCC(=O)NC(CO)C(=O)NC(CC(=C)C)C(=O)C1(CO1)CO
PubChem,9915668,NRP,epoxomicin,CCC(C)C(C(=O)NC(C(C)O)C(=O)NC(CC(C)C)C(=O)C1(CO1)C)NC(=O)C(C(C)CC)N(C)C(=O)C
PubChem,6473866,None,FK506,CC1CC(C2C(CC(C(O2)(C(=O)C(=O)N3CCCCC3C(=O)OC(C(C(CC(=O)C(C=C(C1)C)CC=C)O)C)C(=CC4CCC(C(C4)OC)O)C)O)C)OC)OC
PubChem,9980845,NRP,fumiquinazoline D,CC1C(=O)N2C3N1C4(C5=NC6=CC=CC=C6C(=O)N5C(CC3(C7=CC=CC=C72)O)C(=O)N4)C
PubChem,181567,NRP,brevianamide F,C1CC2C(=O)NC(C(=O)N2C1)CC3=CNC4=CC=CC=C43
PubChem,135171858,NRP,Bisdethiobis(methylthio)gliotoxin,CC(C)C(C)(C)OSC(C)(C)C
PubChem,46224591,None,glycopeptidolipid,CCCCCCCCCCCCCCCCCCCCCCCCCCCCCC(CC(=O)NC(CC1=CC=CC=C1)C(=O)NC(C(C)OC2C(C(C(C(O2)C)O)O)OC3C(C(C(C(O3)C)O)OC4C(C(C5C(O4)COC(O5)(C)C(=O)O)OC)O)O)C(=O)NC(C)C(=O)NC(C)COC6C(C(C(C(O6)C)OC)OC)O)O.O
PubChem,16130140,None,gramicidin,CC(C)CC(C(=O)NC(C)C(=O)NC(C(C)C)C(=O)NC(C(C)C)C(=O)NC(C(C)C)C(=O)NC(CC1=CNC2=CC=CC=C21)C(=O)NC(CC(C)C)C(=O)NC(CC3=CNC4=CC=CC=C43)C(=O)NC(CC(C)C)C(=O)NC(CC5=CNC6=CC=CC=C65)C(=O)NC(CC(C)C)C(=O)NC(CC7=CNC8=CC=CC=C87)C(=O)NCCO)NC(=O)C(C)NC(=O)CNC(=O)C(C(C)C)NC=O
ChemSpider,30900652,None,heterobactin A,c1cc(c(c(c1)O)O)C(=O)N[C@H](CCCN/C(=N/C(=O)c2cccc(c2O)O)/N)C(=O)NCC(=O)N[C@H]3CCCN(C3=O)O
PubChem,10245773,NRP,terezine D,CC1C(=O)NC(C(=O)N1)CC2=CNC3=C(C=CC=C23)CC=C(C)C
PubChem,10262683,None,holomycin,CC(=O)NC1=C2C(=CSS2)NC1=O
PubChem,5492261,None,indigoidine,C1=C(C(=O)NC(=O)C1=C2C=C(C(=O)NC2=O)N)N
PubChem,44566399,None,kutznerides,CC1(CC1)C2C(=O)OC(C(=O)N3C(CC(CN3)Cl)C(=O)NC(C(=O)NC(C(=O)N4C(CC5(C4NC6=C5C=CC(=C6Cl)Cl)O)C(=O)N2)C(CC(=O)O)O)COC)C(C)(C)C
PubChem,71718509,None,laspartomycin,CCC(C)C1C(=O)N2CCCC2C(=O)NCC(C(=O)N3CCCCC3C(=O)NCC(=O)NC(C(=O)NCC(=O)NC(C(=O)NCC(=O)NC(C(=O)N1)C(C)O)CC(=O)O)CC(=O)O)NC(=O)C(CC(=O)O)NC(=O)C=CCCCCCCCCCC(C)C
PubChem,6438672,None,lipstatin,CCCCCCC1C(OC1=O)CC(CC=CCC=CCCCCC)OC(=O)C(C(C)CC)NC=O
PubChem,91706,NRP,Lyngbyatoxin,CC(C)C1C(=O)NC(CC2=CNC3=C(C=CC(=C23)N1C)C(C)(CCC=C(C)C)C=C)CO
PubChem,197270,None,lysobactin,CCC(C)C1C(=O)NC(C(=O)NCC(=O)NC(C(=O)NC(C(=O)OC(C(C(=O)NC(C(=O)NC(C(=O)NC(C(=O)N1)CCCN=C(N)N)CC(C)C)C(C(C)C)O)NC(=O)C(CC(C)C)NC(=O)C(CC(C)C)N)C2=CC=CC=C2)CO)C(C(=O)N)O)C(C)O
PubChem,90658418,None,mannopeptimycin,CC(C)CC(=O)OC1C(C(OC(C1O)OC2C(OC(C(C2O)O)OC3=CC=C(C=C3)CC4C(=O)NC(C(=O)NC(C(=O)NC(C(=O)NCC(=O)NC(C(=O)N4)C(C)C5=CC=CC=C5)CO)C(C6CNC(=[N+]6C7C(C(C(C(O7)O)O)O)O)N)O)C(C8C[NH+]=C(N8)N)O)CO)CO)O
chEMBL,None,NRP,massetolide A,
PubChem,3085238,None,naphthyridinomycin,CN1C2CC3C1C4C(C5=C(C(N4C2O)CO)C(=O)C(=C(C5=O)OC)OC)N6C3OCC6
PubChem,6419429,None,nocardicin A,C1C(C(=O)N1C(C2=CC=C(C=C2)O)C(=O)O)NC(=O)C(=NO)C3=CC=C(C=C3)OCCC(C(=O)O)N
PubChem,14217092,None,nodularin,CC=C1C(=O)NC(C(C(=O)NC(C(=O)NC(C(C(=O)NC(CCC(=O)N1C)C(=O)O)C)C=CC(=CC(C)C(CC2=CC=CC=C2)OC)C)CCCN=C(N)N)C)C(=O)O
PubChem,10509499,None,nostocyclopeptide,CCC(C)C1C(=O)NC(C(=O)N2CC(CC2C(=O)NC(C=NC(C(=O)NCC(=O)NC(C(=O)N1)CCC(=O)N)CC3=CC=C(C=C3)O)CC4=CC=CC=C4)C)CO
PubChem,23668834,None,penicillin,CC1(C(N2C(S1)C(C2=O)NC(=O)CC3=CC=CC=C3)C(=O)[O-])C.[Na+]
chEMBL,None,NRP,Phenoxymethylpenicillin ,
PubChem,25244585,NRP,Phosphinothricintripeptide,CP(=O)(CCC(C(=O)[O-])[NH3+])[O-]
PubChem,5491283,None,plipastatin,CCCCCCCCCCCCCC(CC(=O)NC(CCC(=O)O)C(=O)NC(CCCN)C(=O)NC1CC2=CC=C(C=C2)OC(=O)C(NC(=O)C(NC(=O)C(NC(=O)C3CCCN3C(=O)C(NC(=O)C(NC(=O)C(NC1=O)C(C)O)CCC(=O)O)C)CCC(=O)N)CC4=CC=C(C=C4)O)C(C)CC)O
PubChem,5702105,None,polymyxin,CCC(C)CCCCC(=O)NC(CCN)C(=O)NC(C(C)O)C(=O)NC(CCN)C(=O)NC1CCNC(=O)C(NC(=O)C(NC(=O)C(NC(=O)C(NC(=O)C(NC(=O)C(NC1=O)CCN)CC2=CC=CC=C2)CC(C)C)CCN)CCN)C(C)O.OS(=O)(=O)O
PubChem,6439234,None,porothramycin,CN(C)C(=O)C=CC1=CN2C(C1)C(NC3=C(C2=O)C=CC=C3OC)O
PubChem,5462518,None,pyochelin,CN1C(CSC1C2CSC(=C3C=CC=CC3=O)N2)C(=O)O
PubChem,5289234,None,pyoverdine,CC(C1C(=O)NC(C(=O)NCCCCC(C(=O)NC(C(=O)N1)CCCN(C=O)O)NC(=O)C(CCCN(C=O)O)NC(=O)C(CO)NC(=O)C(CCCN=C(N)N)NC(=O)C(CO)NC(=O)C2CCNC3N2C4=CC(=C(C=C4C=C3NC(=O)CCC(=O)O)O)O)C(C)O)O
PubChem,158486,None,quinocarcin,CN1C2CC(C1C3CC4=C(C5N3C2OC5)C(=CC=C4)OC)C(=O)O
PubChem,3197,None,quinomycin,CC1C(=O)N(C2CSC(C(C(=O)N(C(C(=O)OCC(C(=O)N1)NC(=O)C3=NC4=CC=CC=C4N=C3)C(C)C)C)N(C(=O)C(NC(=O)C(COC(=O)C(N(C2=O)C)C(C)C)NC(=O)C5=NC6=CC=CC=C6N=C5)C)C)SC)C
PubChem,16131418,None,ristocetin,CC1C(C(CC(O1)OC2C3C(=O)NC(C4=C(C(=CC(=C4)O)OC5C(C(C(C(O5)CO)O)O)O)C6=C(C=CC(=C6)C(C(=O)N3)NC(=O)C7C8=CC(=C(C(=C8)OC9=CC=C2C=C9)OC1C(C(C(C(O1)COC1C(C(C(C(O1)C)O)O)O)O)O)OC1C(C(C(C(O1)CO)O)O)OC1C(C(C(CO1)O)O)O)OC1=CC=C(C=C1)C(C1C(=O)NC(C2=CC(=C(C(=C2)OC2=C(C=CC(=C2)C(C(=O)N1)N)O)C)O)C(=O)N7)O)O)C(=O)OC)N)O
PubChem,16131418,NRP,Ristomycin A,CC1C(C(CC(O1)OC2C3C(=O)NC(C4=C(C(=CC(=C4)O)OC5C(C(C(C(O5)CO)O)O)O)C6=C(C=CC(=C6)C(C(=O)N3)NC(=O)C7C8=CC(=C(C(=C8)OC9=CC=C2C=C9)OC1C(C(C(C(O1)COC1C(C(C(C(O1)C)O)O)O)O)O)OC1C(C(C(C(O1)CO)O)O)OC1C(C(C(CO1)O)O)O)OC1=CC=C(C=C1)C(C1C(=O)NC(C2=CC(=C(C(=C2)OC2=C(C=CC(=C2)C(C(=O)N1)N)O)C)O)C(=O)N7)O)O)C(=O)OC)N)O
PubChem,6437857,NRP,meleagrin,CC(C)(C=C)C12C=C(C(=O)N3C1(NC(=O)C3=CC4=CN=CN4)N(C5=CC=CC=C25)OC)O
PubChem,160294,None,safracin,CC1=CC2=C(C3C4CC5=C(C(N4C(C(C2)N3C)O)CNC(=O)C(C)N)C(=O)C(=C(C5=O)C)OC)C(=C1OC)O
PubChem,3086522,None,saframycin A,CCC(C(=O)NCC1C2=C(CC3N1C(C4C(C5=C(C3N4C)C(=O)C(=C(C5=O)C)OC)NC(CC)C(=O)NCC6C7=C(CC8N6C(C9CC1=C(C8N9C)C(=O)C(=C(C1=O)C)OC)C#N)C(=O)C(=C(C7=O)OC)C)C#N)C(=O)C(=C(C2=O)OC)C)N
PubChem,6437361,None,sibiromycin,CC=CC1=CN2C(C1)C(NC3=C(C(=C(C=C3C2=O)OC4C(C(C(C(O4)C)NC)(C)O)O)C)O)O
PubChem,71449303,NRP,spumigin E,CC1CC(N(C1)C(=O)C(CCC2=CC=C(C=C2)O)NC(=O)C(CC3=CC=C(C=C3)O)O)C(=O)NC(CCCN=C(N)N)C=O
PubChem,198906,None,streptothricin,C1C(C2C(C(=O)N1)N=C(N2)NC3C(C(C(C(O3)CO)OC(=O)N)O)NC(=O)CC(CCCNC(=O)CC(CCCNC(=O)CC(CCCNC(=O)CC(CCCNC(=O)CC(CCCNC(=O)CC(CCCN)N)N)N)N)N)N)O
ChemSpider,391754,NRP,surfactin,CC(C)CCCCCCCCC[C@@H]1CC(=O)N[C@H](C(=O)N[C@H](C(=O)N[C@@H](C(=O)N[C@H](C(=O)N[C@H](C(=O)N[C@@H](C(=O)N[C@H](C(=O)O1)CC(C)C)CC(C)C)CC(=O)O)C(C)C)CC(C)C)CC(C)C)CCC(=O)O
PubChem,101478663,None,SW-163G,
PubChem,11966095,None,syringomycin,CCCCCCCCCC(CC(=O)NC1COC(=O)C(NC(=O)C(NC(=O)C(=CC)NC(=O)C(NC(=O)C(NC(=O)C(NC(=O)C(NC(=O)C(NC1=O)CO)CCN)CCN)CCCN=C(N)N)CC2=CC=CC=C2)C(C(=O)O)O)C(CCl)O)O
PubChem,16162959,None,teicoplanin,C1C2C(=O)NC(C3=CC(=CC(=C3)OC4=C(C=CC(=C4)C(C(=O)N2)N)O)O)C(=O)NC5C6=CC(=C(C(=C6)OC7=C(C=C(C=C7)C(C8C(=O)NC(C9=C(C(=CC(=C9)O)O)C2=C(C=CC(=C2)C(C(=O)N8)NC5=O)O)C(=O)O)O)Cl)O)OC2=C(C=C1C=C2)Cl
PubChem,180098,None,thaxtomin,CN1C(C(=O)N(C(C1=O)(CC2=CC(=CC=C2)O)O)C)CC3=CNC4=C3C(=CC=C4)[N+](=O)[O-]
PubChem,128363,None,tilivalline,C1CC2C(NC3=C(C=CC=C3O)C(=O)N2C1)C4=CNC5=CC=CC=C54
PubChem,44559556,NRP,tolaasin I,CCCCCC(CC(=O)NC(=CC)C(=O)N1CCCC1C(=O)NC(CO)C(=O)NC(CC(C)C)C(=O)NC(C(C)C)C(=O)NC(CO)C(=O)NC(CC(C)C)C(=O)NC(C(C)C)C(=O)NC(C(C)C)C(=O)NC(CCC(=O)N)C(=O)NC(CC(C)C)C(=O)NC(C(C)C)C(=O)NC(=CC)C(=O)NC2C(OC(=O)C(NC(=O)C(NC(=O)C(NC(=O)C(NC2=O)C(C)CC)CCO)CCN)CCCCN)C)O
PubChem,6436800,None,tomaymycin,CC=C1CC2C(NC3=CC(=C(C=C3C(=O)N2C1)OC)O)OC
PubChem,316447,None,triostin A,CC1C(=O)N(C2CSSCC(C(=O)N(C(C(=O)OCC(C(=O)N1)NC(=O)C3=NC4=CC=CC=C4N=C3)C(C)C)C)N(C(=O)C(NC(=O)C(COC(=O)C(N(C2=O)C)C(C)C)NC(=O)C5=NC6=CC=CC=C6N=C5)C)C)C
PubChem,16129635,None,tyrocidine,CC(C)CC1C(=O)NC(C(=O)N2CCCC2C(=O)NC(C(=O)NC(C(=O)NC(C(=O)NC(C(=O)NC(C(=O)NC(C(=O)NC(C(=O)N1)CCCN)C(C)C)CC3=CC=C(C=C3)O)CCC(=O)N)CC(=O)N)CC4=CC=CC=C4)CC5=CC=CC=C5)CC6=CC=CC=C6
PubChem,16658367,None,vanchrobactin,C1=CC(=C(C(=C1)O)O)C(=O)NC(CCCN=C(N)N)C(=O)NC(CO)C(=O)O
PubChem,14969,None,vancomycin,CC1C(C(CC(O1)OC2C(C(C(OC2OC3=C4C=C5C=C3OC6=C(C=C(C=C6)C(C(C(=O)NC(C(=O)NC5C(=O)NC7C8=CC(=C(C=C8)O)C9=C(C=C(C=C9O)O)C(NC(=O)C(C(C1=CC(=C(O4)C=C1)Cl)O)NC7=O)C(=O)O)CC(=O)N)NC(=O)C(CC(C)C)NC)O)Cl)CO)O)O)(C)N)O
PubChem,194619,None,verlamelin,
PubChem,3034080,None,viomycin,C1C(NC(=NC1O)N)C2C(=O)NCC(C(=O)NC(C(=O)NC(C(=O)NC(=CNC(=O)N)C(=O)N2)CO)CO)NC(=O)CC(CCCN)N.OS(=O)(=O)O
PubChem,5487539,None,vulnibactin,CC1C(NC(=C2C=CC=CC2=O)O1)C(=O)NCCCN(CCCNC(=O)C3=C(C(=CC=C3)O)O)C(=O)C4C(OC(=C5C=CC=CC5=O)N4)C
PubChem,16184172,None,WAP-8294A2 (lotilibcin),CC(C)CCCC1CC(=O)NC(C(=O)NC(C(=O)NC(C(=O)NCC(=O)N(C(C(=O)NC(C(=O)NC(C(=O)NC(C(=O)NC(C(=O)NC(C(=O)NC(C(=O)N(C(C(=O)O1)C(C)C)C)CCCN)CC2=CNC3=CC=CC=C32)CC(=O)N)CCC(=O)O)CCCN)CC(C)C)CC4=CC=CC=C4)C)CO)C(C(=O)N)O)CO
PubChem,24900169,NRP,Xenortide B,CC(C)CC(C(=O)N(C)C(CC1=CC=CC=C1)C(=O)NCCC2=CNC3=CC=CC=C32)NC
PubChem,11721692,None,yatakemycin,COC1=C(C=C2C=C(NC2=C1)C(=O)N3CC4CC45C3=CC(=O)C6=C5C=C(N6)C(=O)N7CCC8=C9C=C(NC9=C(C(=C87)O)OC)C(=O)SC)O
ChemSpider,26365309,None,Bottromycin A2,C[C@@H]1CCN2[C@@H]1C(=O)N[C@H](C(=O)N[C@H](/C(=N/[C@H](C(=O)N[C@@H]([C@@H](C)c3ccccc3)C(=O)N[C@H](CC(=O)OC)c4nccs4)C(C)(C)C)/NCC2=O)C(C)(C)C)C(C)C
PubChem,3081434,None,bottromycin A2,
PubChem,10555282,RiPP,microcyclamide,CCC(C)C1C2=NC(=CS2)C(=O)NC(C3=NC(=CS3)C(=O)NC(C4=NC(=C(O4)C)C(=O)N1)C)CC5=CN=CN5C
PubChem,9767970,None,patellamide C,CCC(C)C1C2=NC(C(O2)C)C(=O)NC(C3=NC(=CS3)C(=O)NC(C4=NC(C(O4)C)C(=O)NC(C5=NC(=CS5)C(=O)N1)C)C(C)C)CC6=CC=CC=C6
PubChem,24762150,RiPP,patellin 3,CC(C)CC1C2=NC(CS2)C(=O)NC(C(=O)NC(C(=O)N3CCCC3C(=O)NC(C(=O)N4CCCC4C(=O)NC(C(=O)N1)C(C)OC(C)(C)C=C)C(C)C)CC(C)C)C(C)OC(C)(C)C=C
PubChem,10629643,RiPP,prenylagaramide B,CCC(C)C1C(=O)NC(C(=O)N2CCCC2C(=O)NC(C(=O)NC(C(=O)NC(C(=O)N3CCCC3C(=O)N1)CC4=CC=C(C=C4)O)CC(C)C)CC5=CC=C(C=C5)OCC=C(C)C)CC(=O)N
PubChem,10720367,RiPP,tenuecyclamide C,CC1C2=NC(=C(O2)C)C(=O)NCC3=NC(=CS3)C(=O)NC(C4=NC(=CS4)C(=O)N1)CCSC
PubChem,24762144,None,trichamide,CC(C)CC1C(=O)NC(C(=O)N2CCCC2C(=O)NC(C(=O)NC(C3=NC(=CS3)C(=O)NC(C4=NC(=CS4)C(=O)NCC(=O)NC(C(=O)NCC(=O)N1)CC(=O)O)CO)CC(C)C)CCCN=C(N)N)CC5=CN=CN5
PubChem,9811230,RiPP,trunkamide,CCC(C)C1C(=O)NC(C(=O)N2CCCC2C(=O)NC(C3=NC(CS3)C(=O)NC(C(=O)NC(C(=O)N1)COC(C)(C)C=C)C(C)OC(C)(C)C=C)CC4=CC=CC=C4)C
PubChem,16132310,None,actagardine,CCC(C)C(C(=O)NC(CCC(=O)O)C(=O)NC(CC)C(=O)NC(C)C(=O)NC(C(C)C)C(=O)NC(CC1=CNC2=CC=CC=C21)C(=O)NCC(=O)NC(CO)C(=O)NC(C)C(=O)NCC(=O)NC(CC)C(=O)NC(C(C)C)C(=O)NC(C(C)CC)C(=O)NC(C)C(=O)NC(C)C(=O)NC(C)C(=O)O)NC(=O)C(CC)NC(=O)C(CC(C)C)NC(=O)C(C)N
PubChem,135309121,RiPP,Cinnamycin,CN1C=C2C(=N1)CCC(C(=O)N2C)N3CCC4=C(N(N=C4C3=O)CC5=CC=CC=C5)Cl
PubChem,16132391,None,epidermin,CCC(C)C1C(=O)NC(CSCC(C(=O)NC(C(=O)NC(C(=O)N1)CC2=CC=CC=C2)CCCCN)NC(=O)C(C)NC(=O)C(C(C)CC)N)C(=O)NC3C(SCC(NC(=O)CNC(=O)C4CCCN4C3=O)C(=O)NC(C)C(=O)NC(CCCCN)C(=O)NC(=CC)C(=O)NCC(=O)NC5CSCC6C(=O)NC=CSCC(C(=O)NC(C(=O)N6)CC7=CC=C(C=C7)O)NC(=O)C(NC(=O)C(NC5=O)CC8=CC=CC=C8)CC(=O)N)C
PubChem,73348284,None,gallidermin,CCC(C)C(C(=O)NC(C)C(=O)NC1CSCC(NC(=O)C(NC(=O)C(NC(=O)C(NC1=O)CCCCN)CC2=CC=CC=C2)CC(C)C)C(=O)NC3C(SCC(NC(=O)CNC(=O)C4CCCN4C3=O)C(=O)NC(C)C(=O)NC(CCCCN)C(=O)NC(=CC)C(=O)NCC(=O)NC5CSCC6C(=O)NC=CSCC(C(=O)NC(C(=O)N6)CC7=CC=C(C=C7)O)NC(=O)C(NC(=O)C(NC5=O)CC8=CC=CC=C8)CC(=O)N)C)N
PubChem,16132433,None,mersacidin,CCC(C)C(C(=O)NC(=C)S)NC(=O)C(CS)NC(=O)C(CCC(=O)O)NC(=O)C(=C)NC(=O)C(CC)NC(=O)C(CC(C)C)NC(=O)C(CC)NC(=O)C(CS)NC(=O)C(C(C)C)NC(=O)CNC(=O)CNC(=O)CNC(=O)CNC(=O)C1CCCN1C(=O)C(CC(C)C)NC(=O)C(CC)NC(=O)C(CC2=CC=CC=C2)NC(=O)C(CC)NC(=O)C(CS)N
PubChem,16130280,RiPP,nisin A,CCC(C)C1C(=O)NC(=C)C(=O)NC(C(=O)NC(CSCC(C(=O)N1)NC(=O)C(=CC)NC(=O)C(C(C)CC)N)C(=O)NC2C(SCC(NC(=O)CNC(=O)C3CCCN3C2=O)C(=O)NC(CCCCN)C(=O)NC4C(SCC(NC(=O)CNC(=O)C(NC(=O)C(NC(=O)C(NC(=O)CNC4=O)C)CC(C)C)CCSC)C(=O)NC(CC(=O)N)C(=O)NC(CCSC)C(=O)NC(CCCCN)C(=O)NC5C(SCC6C(=O)NC(C(=O)NC(CSC(C(C(=O)N6)NC(=O)C(NC5=O)C)C)C(=O)NC(CO)C(=O)NC(C(C)CC)C(=O)NC(CC7=CNC=N7)C(=O)NC(C(C)C)C(=O)NC(=C)C(=O)NC(CCCCN)C(=O)O)CC8=CNC=N8)C)C)C)CC(C)C
PubChem,16132355,None,pep5,CCC(C)C(C(=O)NC(CCCNC(=N)N)C(=O)NC(C)C(=O)NC(CS)C(=O)NC(C(C)C)C(=O)NC(CCCCN)C(=O)NC(CCC(=O)O)C(=O)NC(CS)C(=O)NC(CCC(=O)O)C(=O)NC(CCCCN)C(=O)NC(=CC)C(=O)NC(CC(C)C)C(=O)NC(CCCCN)C(=O)NC(C)C(=O)NC(=CC)C(=O)NC(CCCNC(=N)N)C(=O)NC(CC(C)C)C(=O)NC(CC1=CC=CC=C1)C(=O)NC(=C(C)S)C(=O)NC(C(C)C)C(=O)NC(CS)C(=O)NC(CS)C(=O)NC(CCCCN)C(=O)NCC(=O)NC(CCCCN)C(=O)NC(CC(=O)N)C(=O)NCC(=O)NC(CS)C(=O)NC(CCCCN)C(=O)O)NC(=O)C(C)NC(=O)C2CCCN2C(=O)CNC(=O)C(C)NC(=O)C(=O)CC
PubChem,45271551,None,lariatin,CCC(C)C(C(=O)NC(CC(C)C)C(=O)N1CCCC1C(=O)O)NC(=O)C(C(C)C)NC(=O)C(CC(=O)N)NC(=O)C(CO)NC(=O)C(CC2=CN=CN2)NC(=O)CNC(=O)C(C(C)C)NC(=O)C(CC3=CNC4=CC=CC=C43)NC(=O)C5CCC(=O)NCC(=O)NC(C(=O)NC(C(=O)NC(C(=O)NC(C(=O)NC(C(=O)NC(C(=O)N5)CCCNC(=N)N)CC6=CC=C(C=C6)O)C(C)C)CC(C)C)CCC(=O)N)CO
PubChem,57397977,None,microcin J25,CCC(C)C(C(=O)NCC(=O)NC(C(C)O)C(=O)N1CCCC1C(=O)NC(C(C)CC)C(=O)NC(CO)C(=O)NC(CC2=CC=CC=C2)C(=O)NC(CC3=CC=C(C=C3)O)C(=O)NCC(=O)O)NC(=O)CNC(=O)C(C(C)C)NC(=O)C(CC4=CC=CC=C4)NC(=O)C(CC5=CC=C(C=C5)O)NC(=O)C6CCC(=O)NCC(=O)NCC(=O)NC(C(=O)NCC(=O)NC(C(=O)NC(C(=O)N7CCCC7C(=O)N6)C(C)C)CC8=CN=CN8)C
PubChem,42624949,None,marinostatin,CC1C(C(=O)NC(C(=O)NC(C(=O)NC(C(=O)N2CCCC2C(=O)NC3COC(=O)CC(NC(=O)C(NC(=O)C(CC(=O)O1)NC3=O)CO)C(=O)NC(CCC(=O)O)C(=O)O)CC4=CC=C(C=C4)O)CCCN=C(N)N)CCSC)NC(=O)C(C)NC(=O)C(CC5=CC=CC=C5)N
PubChem,44602381,RiPP,polytheonamide B,CCC(C)C(C(=O)NC(CC(=O)NC)C(=O)NC(C(C)C)C(=O)NC(C(C(=O)NC)O)C(=O)NC(C)C(=O)NC(CC(=O)NC)C(=O)NC(C(C)C)C(=O)NC(CO)C(=O)NC(C(C)C)C(=O)NC(CC(=O)N)C(=O)NC(C(=O)NC(CC(=O)N)C(=O)NC(CCC(=O)N)C(=O)NC(C(C)O)C(=O)NC(C(C)O)C(=O)O)C(C)(C)CS(=O)C)NC(=O)C(CC(=O)NC)NC(=O)CNC(=O)C(C(C)(C)O)NC(=O)C(C(C)(C)C)NC(=O)C(C(C(=O)NC)O)NC(=O)C(C(C)CC)NC(=O)C(CC(=O)NC)NC(=O)CNC(=O)CNC(=O)C(C)NC(=O)C(C(C)(C)O)NC(=O)C(C(C)CC(=O)N)NC(=O)C(CC(=O)NC)NC(=O)C(C(C)(C)C)NC(=O)CNC(=O)C(C)NC(=O)CNC(=O)C(C(C)(C)O)NC(=O)C(CC(=O)NC)NC(=O)C(C)NC(=O)C(C(C)(C)C)NC(=O)C(C)NC(=O)CNC(=O)C(C)NC(=O)C(C(C)(C)C)NC(=O)C(C(C)(C)C)NC(=O)C(C)NC(=O)C(C(C)(C)C)NC(=O)C(C(C)(C)C)NC(=O)C(C(C)(C)C)NC(=O)CNC(=O)C(C(C)(C)CC)NC(=O)CNC(=O)C(=O)CCC(C)(C)C
PubChem,16132390,None,subtilosin A,CCC(C)C(C(=O)NC(C)C(=O)NCC(=O)NC(C)C(=O)NCC(=O)O)NC(=O)CNC(=O)C(CC(=O)O)NC(=O)C1CCCN1C(=O)C(C(C)CC)NC(=O)C2CCCN2C(=O)CNC(=O)C(CC(=O)O)NC(=O)C(C(C)C)NC(=O)C(CC(C)C)NC(=O)C(CS)NC(=O)C(C)NC(=O)C(C)NC(=O)CNC(=O)C(C(C)CC)NC(=O)C(CO)NC(=O)C(CS)NC(=O)C(C(C)O)NC(=O)C(C)NC(=O)C(CS)NC(=O)CNC(=O)C(CCCCN)NC(=O)C(CC(=O)N)NC(=O)CNC(=O)C(CC3=CNC4=CC=CC=C43)NC(=O)C(CC(C)C)NC(=O)CNC(=O)C(CC(C)C)NC(=O)CN
PubChem,6446886,None,micrococcin P1,CC=C1C2=NC(=CS2)C(=O)NC(C3=NC(=CS3)C(=O)NC(C4=NC(=CS4)C5=C(C=CC(=N5)C6=NC(=CS6)C7=NC(=CS7)C(=O)NC(=CC)C(=O)NCC(C)O)C8=NC(=CS8)C(=O)NC(C(=O)N1)C(C)O)C(C)O)C(C)C
PubChem,54737477,None,nocathiacin,CC1C(C(CC(O1)OC2C3C4C5=NC(=CS5)C(=O)NC(COC(=O)C6=C(CO3)C7=C(COC2=O)C=CC=C7N6O)C8=NC(=CS8)C9=NC(=C1NC(=CS1)C(=O)NC(=C)C(=O)N)C(=O)C=C9C1=NC(=CS1)C(=O)NC(C(=O)NC(=C(C)OC)C1=NC(=CS1)C(=O)N4)C(C)O)(C)O)N(C)C.C(=O)(C(F)(F)F)O
PubChem,70691386,None,nosiheptide,CC=C1C2=NC(=CS2)C(=O)NC3CC(C(=O)OCC4=C5C(=C(C(=O)SCC(C6=NC(=CS6)C7=NC(=C8NC(=CS8)C(=O)NC(=C)C(=O)N)C(=O)C=C7C9=NC(=CS9)C(=O)NC(C(=O)N1)C(C)O)NC(=O)C1=CSC3=N1)NC5=CC=C4)C)O
PubChem,23694254,None,siomycin,CC=C1C2=NC(CS2)C(=O)NC(C3=NC(=CS3)C(=O)NC4C(OC(=O)C5=NC6=C(C=CC(C6O)NC(C(=O)NC(=C)C(=O)NC(=C)C(=O)NC(C(=O)NC7(CCC(=NC7C8=CSC4=N8)C9=NC(=CS9)C(=O)NC(=C)C(=O)NC(=C)C(=O)N)C2=NC(=CS2)C(=O)NC(C(=O)N1)C(C)O)C)C(C)C)C(=C5)C(C)OC(=O)CCCCC(=O)[O-])C)C(C)(C(C)O)O.[Na+]
PubChem,6446118,RiPP,Thiocillin I,CC=C1C2=NC(=CS2)C(=O)NC(C3=NC(=CS3)C(=O)NC(C4=NC(=CS4)C5=C(C=CC(=N5)C6=NC(=CS6)C7=NC(=CS7)C(=O)NC(=CC)C(=O)NCC(C)O)C8=NC(=CS8)C(=O)NC(C(=O)N1)C(C)O)C(C)O)C(C)(C)O
PubChem,16129666,None,thiostrepton,CCC(C)C1C(=O)NC(C(=O)NC(=C)C(=O)NC(C(=O)NC23CCC(=NC2C4=CSC(=N4)C(C(OC(=O)C5=NC6=C(C=CC(C6O)N1)C(=C5)C(C)O)C)NC(=O)C7=CSC(=N7)C(NC(=O)C8CSC(=N8)C(=CC)NC(=O)C(NC(=O)C9=CSC3=N9)C(C)O)C(C)(C(C)O)O)C1=NC(=CS1)C(=O)NC(=C)C(=O)NC(=C)C(=O)N)C)C
PubChem,16158208,None,linaclotide,CC1C(=O)NC2CSSCC3C(=O)NC(C(=O)NC(C(=O)NC(CSSCC(NC(=O)CNC(=O)C(NC2=O)C(C)O)C(=O)NC(CC4=CC=C(C=C4)O)C(=O)O)C(=O)NC(CSSCC(C(=O)N3)N)C(=O)NC(C(=O)N5CCCC5C(=O)N1)CC(=O)N)CC6=CC=C(C=C6)O)CCC(=O)O
PubChem,9552083,None,ustiloxin B,CCC1(C(NC(=O)C(NC(=O)C(C(C2=CC(=C(C=C2S(=O)CC(CC(C(=O)O)N)O)O)O1)O)NC)C(C)C)C(=O)NCC(=O)O)C
PubChem,107718,None,aflatrem,CC1(C2C(=O)C=C3C4(CCC5CC6=C(C5(C4(CCC3(O2)O1)C)C)NC7=CC=CC(=C67)C(C)(C)C=C)O)C
PubChem,5368397,None,astaxanthin,CC1=C(C(CC(C1=O)O)(C)C)C=CC(=CC=CC(=CC=CC=C(C)C=CC=C(C)C=CC2=C(C(=O)C(CC2(C)C)O)C)C)C
PubChem,185781,Terpene,botrydial,CC1CC(C2C(CC(C2(C1C=O)O)(C)C=O)(C)C)OC(=O)C
PubChem,5280489,Terpene,beta-carotein,CC1=C(C(CCC1)(C)C)C=CC(=CC=CC(=CC=CC=C(C)C=CC=C(C)C=CC2=C(CCCC2(C)C)C)C)C
PubChem,446841,None,carotenoid,CC(CCCCC(C)CCCC(C)CCCC(C)CCC=C(C)C)CCCC(C)CCCC(C)CCCC(C)(C)OC1C(C(C(C(O1)CO)O)O)O
PubChem,156935,None,carotenoid,CCC1(CCC2=C(C1OC3CC(C(C(O3)C)OC4CC(C(C(O4)C)OC5CCC(C(O5)C)O)O)N(C)C)C(=C6C(=C2O)C(=O)C7=C(C6=O)C=CC=C7O)O)O
PubChem,3081782,None,KS-505a,CC1CC2C(CCC3C2(C(CC(C3(C)C(=O)O)OC4C(C(C(C(O4)C(=O)O)O)O)OC)C)C)(C5C1(C6CCC7(C(C6(CC5)C)CCC8(C7CCC9(C8CC1=C(O9)C=CC2=C1C(=O)OC2(CCC(=O)OC)O)CO)C)CO)C)C
PubChem,6438953,None,napyradiomycin,CC(=CCCC(=CCC12C(=O)C3=C(C(=CC(=C3)O)O)C(=O)C1(CC(C(O2)(C)C)Cl)Cl)C)C
ChemSpider,28288564,Terpene,Phenalinolactone A,Cc1ccc([nH]1)C(=O)OCC2(C3CCC4(C(C3(C(CC2OC(=O)C)O)C)CC=C(C4C5=C(C(=O)OC5O)O)C)C)CO[C@H]6CC[C@@H]([C@@H](O6)C)OC
PubChem,16130279,None,siomycin,CC=C1C2=NC(CS2)C(=O)NC(C3=NC(=CS3)C(=O)NC4C(OC(=O)C5=NC6=C(C=CC(C6O)NC(C(=O)NC(=C)C(=O)NC(=C)C(=O)NC(C(=O)NC7(CC(C8=CSC4=N8)N=C(C7)C9=NC(=CS9)C(=O)NC(=C)C(=O)NC(=C)C(=O)N)C2=NC(=CS2)C(=O)NC(C(=O)N1)C(C)O)C)C(C)C)C(=C5)C(C)O)C)C(C)(C(C)O)O
PubChem,5280899,None,zeaxanthin,CC1=C(C(CC(C1)O)(C)C)C=CC(=CC=CC(=CC=CC=C(C)C=CC=C(C)C=CC2=C(CC(CC2(C)C)O)C)C)C
PubChem,9237955,Terpene,2-methylisoborneol,COC(=O)C1CC(CN1CN2C(=S)OC(=N2)C3=CC(=CC=C3)Br)O
PubChem,16913,None,2-methylisoborneol,CC1(C2CCC1(C(C2)(C)O)C)C
PubChem,25137938,None,albaflavenone,CC1CC(=O)C2=C(C(C3CCC12C3)(C)C)C
PubChem,29746,Terpene,geosmin,CC1CCCC2(C1(CCCC2)O)C
PubChem,92155,None,hopene,CC(=C)C1CCC2(C1CCC3(C2CCC4C3(CCC5C4(CCCC5(C)C)C)C)C)C
PubChem,9984420,None,isorenieratene,CC1=C(C(=C(C=C1)C)C=CC(=CC=CC(=CC=CC=C(C)C=CC=C(C)C=CC2=C(C=CC(=C2C)C)C)C)C)C
PubChem,38358410,Terpene,xiamycin A,CC12CCC(C(C1CCC3=CC4=C(C=C23)C5=CC=CC=C5N4)(C)C(=O)O)O
PubChem,56844124,None,PR toxin,CC1C(C2C(O2)C3=CC(=O)C4(CC13C)C(O4)(C)C=O)OC(=O)C
ChemSpider,9676041,Terpene,welwitindolinone A isonitrile,CC4(C)[C@H]\1C[C@@H](Cl)[C@@](C)(C=C)C(/[N+]#[C-])=C/1[C@@]34C(=O)Nc2ccccc23
PubChem,25001002,Terpene,Marneral,CC1CCC(=C(C)C)C(C1(C)CCC=C(C)CCC=C(C)CCC=C(C)C)CCC=O
PubChem,3008858,Terpene,Thaliandiol,CC(CC(=O)C=C(C)C)C1CCC2(C1(CCC34C2CCC5C3(C4)C(CC(C5(C)C)O)O)C)C
PubChem,162644,None,momilactone,CC1(CCC2C(=CC3C4C2(CCC(=O)C4(C(=O)O3)C)C)C1)C=C
PubChem,90658693,None,oryzalides,CC1(C2CCC34CC(CCC3C2(C(OC1=O)O)C)C5(C4O5)C)C
PubChem,12306055,None,(-)-delta-cadinene,CC1=CC2C(CCC(=C2CC1)C)C(C)C
PubChem,51394521,None,(+)-T-muurolol ,CC1=CC2C(CCC(C2CC1)(C)O)C(C)C
PubChem,135046,Terpene,3-deoxyaphidicolin,CC1(CCCC2(C1CCC3C24CCC(C(C3)C4)(CO)O)C)CO
PubChem,5467942,Terpene,cyclooctatin,CC(C)C1CCC2(C1=CCC(C3C(CC(C3C2)CO)O)(C)O)C
PubChem,24199350,None,pentalenolactone,
PubChem,9868980,None,diazepinomicin,CC(=CCCC(=CCCC(=CCN1C2=C(C(=CC(=C2)O)O)NC3=C(C1=O)C=CC=C3O)C)C)C
PubChem,3085683,None,austinol,CC1C2(C(=O)OC3(C(C4=C(C5(CCC4(C2(C3=C)C(=O)O1)C)C=CC(=O)OC5(C)C)C)O)C)O
PubChem,16196970,None,terretonin,CC1(C(=O)CCC2(C1=C(C(=O)C3(C2(CC(=C)C4(C3C(=O)OC(C4=O)(C)C(=O)OC)C)O)C)O)C)C
PubChem,3002143,None,helvolic acid ,CC1C2C(C(=O)C3(C(C2(C=CC1=O)C)CCC4C3(CC(C4=C(CCC=C(C)C)C(=O)O)OC(=O)C)C)C)OC(=O)C
PubChem,56928121,None,phyllocladan-16alpha-ol,CC1(CCCC2(C1CCC34C2CCC(C3)C(C4)(C)O)C)C
PubChem,5281990,None,copalyl diphosphate,CC(=CCOP(=O)(O)OP(=O)(O)O)CCC1C(=C)CCC2C1(CCCC2(C)C)C
PubChem,98959,None,2-deoxystreptamine,C1C(C(C(C(C1N)O)O)O)N
PubChem,23267,None,5'-hydroxystreptomycin ,CNC1C(C(C(OC1OC2C(OC(C2(C=O)O)CO)OC3C(C(C(C(C3O)O)N=C(N)N)O)N=C(N)N)CO)O)O
PubChem,41774,None,acarbose,CC1C(C(C(C(O1)OC2C(OC(C(C2O)O)OC3C(OC(C(C3O)O)O)CO)CO)O)O)NC4C=C(C(C(C4O)O)O)CO
PubChem,71428,None,apramycin,CNC1C(C2C(CC(C(O2)OC3C(CC(C(C3O)O)N)N)N)OC1OC4C(C(C(C(O4)CO)N)O)O)O
PubChem,39862,None,butirosin,C1C(C(C(C(C1NC(=O)C(CCN)O)O)OC2C(C(C(O2)CO)O)O)OC3C(C(C(C(O3)CN)O)O)N)N.O.O.OS(=O)(=O)O.OS(=O)(=O)O
PubChem,51565,None,fortimicin,CC(C1CCC(C(O1)OC2C(C(C(C(C2O)N(C)C(=O)CN)OC)O)N)N)N.OS(=O)(=O)O.OS(=O)(=O)O
PubChem,72396,None,gentamicin,CC1(COC(C(C1NC)O)OC2C(CC(C(C2O)OC3C(CCC(O3)CN)N)N)N)O
PubChem,6433481,None,hygromycin A,CC(=CC1=CC(=C(C=C1)OC2C(C(C(O2)C(=O)C)O)O)O)C(=O)NC3C(C(C4C(C3O)OCO4)O)O
PubChem,6433481,None,hygromycin B,CC(=CC1=CC(=C(C=C1)OC2C(C(C(O2)C(=O)C)O)O)O)C(=O)NC3C(C(C4C(C3O)OCO4)O)O
PubChem,3056186,None,istamycin,CNC1C(CC(C(C1O)OC2C(CCC(O2)CN)N)N)OC
PubChem,6032,None,kanamycin,C1C(C(C(C(C1N)OC2C(C(C(C(O2)CN)O)O)O)O)OC3C(C(C(C(O3)CO)O)N)O)N
PubChem,265071,None,kasugamycin,CC1C(CC(C(O1)OC2C(C(C(C(C2O)O)O)O)O)N)N=C(C(=O)O)N
PubChem,72394,None,lividomycin,C1C(C(C(C(C1N)OC2C(CC(C(O2)CO)O)N)OC3C(C(C(O3)CO)OC4C(C(C(C(O4)CN)OC5C(C(C(C(O5)CO)O)O)O)O)N)O)O)N
PubChem,8378,None,neomycin,C1C(C(C(C(C1N)OC2C(C(C(C(O2)CN)O)O)N)OC3C(C(C(O3)CO)OC4C(C(C(C(O4)CN)O)O)N)O)O)N
PubChem,165580,None,paromomycin,C1C(C(C(C(C1N)OC2C(C(C(C(O2)CO)O)O)N)OC3C(C(C(O3)CO)OC4C(C(C(C(O4)CN)O)O)N)O)O)N
PubChem,33042,None,ribostamycin,C1C(C(C(C(C1N)OC2C(C(C(C(O2)CN)O)O)N)OC3C(C(C(O3)CO)O)O)O)N
PubChem,36119,None,sisomicin,CC1(COC(C(C1NC)O)OC2C(CC(C(C2O)OC3C(CC=C(O3)CN)N)N)N)O
PubChem,15541,None,spectinomycin,CC1CC(=O)C2(C(O1)OC3C(C(C(C(C3O2)NC)O)NC)O)O
PubChem,36294,None,tobramycin,C1C(C(C(C(C1N)OC2C(C(C(C(O2)CO)O)N)O)O)OC3C(CC(C(O3)CN)O)N)N
PubChem,25200432,None,validamycin,C1C(C(C(C(C1[NH2+]C2C=C(C(C(C2O)O)O)CO)O)O)OC3C(C(C(C(O3)CO)O)O)O)CO
PubChem,19649,None,streptomycin,CC1C(C(C(O1)OC2C(C(C(C(C2O)O)N=C(N)N)O)N=C(N)N)OC3C(C(C(C(O3)CO)O)O)NC)(C=O)O
PubChem,25202446,None,alginate,COC1C(C(C(OC1C(=O)[O-])OC2C(C(C(OC2C(=O)[O-])OC)O)O)O)O
PubChem,3083199,None,capsular polysaccharide,C(C1C(C(C(C(O1)OC2C(C(OC(C2OC3C(C(C(C(O3)C(=O)O)OC4C(C(C(C(O4)CO)O)O)O)O)O)OC5C(OC(C(C5O)O)OCC6C(C(C(C(O6)O)O)O)O)CO)CO)O)O)O)O)O
PubChem,3083207,None,capsular polysaccharide,CC(=O)NC1C(CC(OC1C(C(CO)O)O)(C(=O)O)OC2C(C(OC(C2O)OC3C(OC(C(C3O)NC(=O)C)OCC4C(C(C(C(O4)OC5C(OC(C(C5OC6C(C(C(C(O6)CO)O)O)O)O)OC7C(OC(C(C7O)O)O)CO)CO)O)O)O)CO)CO)O)O
PubChem,195740,None,capsular polysaccharide,CCCOC1C(C(C(C(O1)CO)OC2C(C(C(C(O2)CO)O)O)O)(O)OP(=O)(O)O)(O)O
PubChem,11970143,None,lipopolysaccharide,CCCCCCCCCCCCCCCC1C(OC(C(C1OC(=O)CC(CCCCCCCCCCC)O)O)COC2C(C(C(C(O2)COC3(CC(C(C(O3)C(CO)O)OC4C(C(C(C(O4)C(CO)O)OP(=O)(O)OP(=O)(O)OCCN)OC5C(C(C(C(O5)C(COC6C(C(C(CO6)(C(CO)O)O)O)O)O)OP(=O)(O)O)OC7C(C(C(C(O7)COC8C(C(C(C(O8)CO)O)O)O)O)OC9C(C(C(C(O9)CO)O)O)OC1C(C(C(C(O1)CO)OC1C(C(C(C(O1)CO)O)OC1C(C(C(C(O1)C)OC1C(C(C(C(O1)CO)O)OC1C(CC(C(O1)C)O)O)OC1C(C(C(C(O1)CO)O)O)O)O)O)O)O)OC1C(C(C(C(O1)CO)O)O)NC(=O)C)O)O)O)OC1(CC(C(C(O1)C(CO)O)O)OC1(CC(C(C(O1)C(CO)O)O)O)C(=O)O)C(=O)O)C(=O)O)OP(=O)(O)O)OC(=O)CC(CCCCCCCCCCC)OC(=O)CCCCCCCCCCCCC)NC(=O)CC(CCCCCCCCCCC)OC(=O)CCCCCCCCCCC)CP(=O)(O)O
PubChem,161355,None,dhurrin,C1=CC(=CC=C1C(C#N)OC2C(C(C(C(O2)CO)O)O)O)O
PubChem,52940152,None,xanthan,CC=C(C)CCC=C(C)CCC=C(C)CCC=C(C)CCC=C(C)CCC=C(C)CCC=C(C)CCC=C(C)CCC=C(C)CCC=C(C)CCC=C(C)COP(=O)([O-])OP(=O)([O-])OC1C(C(C(C(O1)CO)OC2C(C(C(C(O2)CO)O)OC3C(C(C(C(O3)CO)O)O)OC4C(C(C(C(O4)C(=O)[O-])OC5C(C(C(C(O5)CO)O)O)O)O)O)O)O)O
PubChem,46926246,Saccharide,moenomycin,CC1C(C(C(C(O1)OC2C(OC(C(C2O)NC(=O)C)OC3C(C(C(OC3OP(=O)([O-])OCC(C(=O)[O-])OCC=C(C)CCC=CC(C)(C)CCC(=C)CC=C(C)CCC=C(C)C)C(=O)[O-])(C)O)OC(=O)N)COC4C(C(C(C(O4)CO)O)O)O)NC(=O)C)O)OC5C(C(C(C(O5)C(=O)NC6=C(CCC6=O)O)O)O)O
PubChem,128141,None,AT2433,CNC1COC(CC1O)OCC2C(C(C(C(O2)N3C4=C(C=CC=C4Cl)C5=C6C(=C7C8=CC=CC=C8NC7=C53)C(=O)N(C6=O)C)O)O)OC
PubChem,2358,None,benzoxazinone DIMBOA,COC1=CC2=C(C=C1)N(C(=O)C(O2)O)O
PubChem,173878,None,fumigaclavine C,CC1CN(C2CC3=C(NC4=CC=CC(=C34)C2C1OC(=O)C)C(C)(C)C=C)C
PubChem,5912039,None,huperzine A,CC=C1C2CC3=C(C1(CC(=C2)C)N)C=CC(=O)N3
PubChem,3035817,None,K-252a,CC12C(CC(O1)N3C4=CC=CC=C4C5=C6C(=C7C8=CC=CC=C8N2C7=C53)CNC6=O)(C(=O)OC)O
PubChem,5983,Alkaloid,physostigmine,CC12CCN(C1N(C3=C2C=C(C=C3)OC(=O)NC)C)C
PubChem,73110,None,rebeccamycin,COC1C(OC(C(C1O)O)N2C3=C(C=CC=C3Cl)C4=C5C(=C6C7=C(C(=CC=C7)Cl)NC6=C42)C(=O)NC5=O)CO
chEMBL,16736974,Alkaloid,Scytonemin,c1cc2c(cc1)N=C\3C2=C(C(=O)/C3=C/c4ccc(cc4)O)C5=C6C(=Nc7c6cccc7)/C(=C\c8ccc(cc8)O)/C5=O
PubChem,44259,None,staurosporine,CC12C(C(CC(O1)N3C4=CC=CC=C4C5=C6C(=C7C8=CC=CC=C8N2C7=C53)CNC6=O)NC)OC
ChemSpider,8103672,Alkaloid,violacein,c1ccc2c(c1)/C(=C\3/C=C(NC3=O)c4c[nH]c5c4cc(cc5)O)/C(=O)N2
PubChem,9928039,Other,Violacein,C1=CC=C2C(=C1)C(=C3C=C(NC3=O)C4=CNC5=C4C=C(C=C5)O)C(=O)N2
PubChem,9928039,None,violacein,C1=CC=C2C(=C1)C(=C3C=C(NC3=O)C4=CNC5=C4C=C(C=C5)O)C(=O)N2
PubChem,54706138,Saccharide,clorobiocin,CC1=CC=C(N1)C(=O)OC2C(C(OC(C2OC)(C)C)OC3=C(C4=C(C=C3)C(=C(C(=O)O4)NC(=O)C5=CC(=C(C=C5)O)CC=C(C)C)O)Cl)O
PubChem,54720057,Saccharide,Coumermycin A1,CC1=CC=C(N1)C(=O)OC2C(C(OC(C2OC)(C)C)OC3=C(C4=C(C=C3)C(=C(C(=O)O4)NC(=O)C5=CNC(=C5C)C(=O)NC6=C(C7=C(C(=C(C=C7)OC8C(C(C(C(O8)(C)C)OC)OC(=O)C9=CC=C(N9)C)O)C)OC6=O)O)O)C)O
PubChem,54675769,Saccharide,novobiocin,CC1=C(C=CC2=C1OC(=O)C(=C2O)NC(=O)C3=CC(=C(C=C3)O)CC=C(C)C)OC4C(C(C(C(O4)(C)C)OC)OC(=O)N)O
PubChem,46230267,None,simocyclinone,CC1C(C(CC(O1)C2=C(C3=C(C=C2)C(=O)C45C(C3O)(O4)C(CC6(C5(C(=O)C=C(C6)C)O)O)O)O)OC(=O)C=CC=CC=CC=CC(=O)NC7=C(C8=C(C(=C(C=C8)O)Cl)OC7=O)C)OC(=O)C
PubChem,6450309,Other,Flexirubin,CCCCCCCCCCCCC1=C(C=C(C=C1OC(=O)C=CC=CC=CC=CC=CC=CC=CC=CC2=CC(=C(C=C2)O)C)C)O
PubChem,5280980,Other,CLAVULANIC ACID,C1C2N(C1=O)C(C(=CCO)O2)C(=O)O
PubChem,15573391,Other,Clavam-2-carboxylate,C1C2N(C1=O)CC(O2)C(=O)O
PubChem,5280980,Other,clavulanic acid,C1C2N(C1=O)C(C(=CCO)O2)C(=O)O
PubChem,107817,None,tabtoxin,CC(C(C(=O)O)NC(=O)C(CCC1(CNC1=O)O)N)O
PubChem,119102,None,A-factor,CC(C)CCCCC(=O)C1C(COC1=O)CO
PubChem,6109346,None,albonoursin,CC(C)C=C1C(=O)NC(=CC2=CC=CC=C2)C(=O)N1
PubChem,126041,None,ectoine,CC1=NCCC(N1)C(=O)O
PubChem,446284,None,eicosapentaenoic acid,CCC=CCC=CCC=CCC=CCC=CCCCC(=O)O
PubChem,446284,None,eicoseicosapentaenoic acid,CCC=CCC=CCC=CCC=CCC=CCCCC(=O)O
PubChem,44332012,None,A201A,CC1C(C(C(C(O1)OCC(=C2C(C(C(O2)OC3=CC=C(C=C3)C=C(C)C(=O)NC4C(OC(C4O)N5C=NC6=C5N=CN=C6N(C)C)CO)O)O)OC)O)OC)OC
PubChem,16380,None,blasticidin,CN(CCC(CC(=O)NC1C=CC(OC1C(=O)O)N2C=CC(=NC2=O)N)N)C(=N)N
PubChem,6481472,Other,Caprazamycin,CCCCCCCCCCCCCC(CC(=O)OC1CN(C(C(=O)N(C1C(=O)OC)C)C(C2C(C(C(O2)N3C=CC(=O)NC3=O)O)O)OC4C(C(C(O4)CN)O)O)C)OC(=O)CC(C)CC(=O)OC5C(C(C(C(O5)C)OC)OC)OC
PubChem,72479,None,nikkomycin,CC(C(C1=NC=C(C=C1)O)O)C(C(=O)NC(C2C(C(C(O2)N3C=CC(=O)NC3=O)O)O)C(=O)O)N
PubChem,3084093,None,polyoxin,C1=C(C(=O)NC(=O)N1C2C(C(C(O2)C(C=O)N)O)O)C(=O)O
PubChem,439530,None,puromycin,CN(C)C1=NC=NC2=C1N=CN2C3C(C(C(O3)CO)NC(=O)C(CC4=CC=C(C=C4)OC)N)O
PubChem,14978,None,sangivamycin,C1=C(C2=C(N=CN=C2N1C3C(C(C(O3)CO)O)O)N)C(=O)N
ChemSpider,27471420,None,Tunicamycin B1,CCCCCCCCCCCC/C=C/C(=O)N[C@@H]1[C@H]([C@H]([C@H](O[C@H]1O[C@@H]2[C@@H]([C@H]([C@@H]([C@H](O2)CO)O)O)NC(=O)C)C[C@H]([C@@H]3[C@H]([C@H]([C@@H](O3)n4ccc(=O)[nH]c4=O)O)O)O)O)O
PubChem,11824,None,toyocamycin,C1=C(C2=C(N=CN=C2N1C3C(C(C(O3)CO)O)O)N)C#N
PubChem,125665,None,mildiomycin,C1=CC(OC(C1NC(=O)C(CO)N)C(CC(CN=C(N)N)O)(C(=O)O)O)N2C=C(C(=NC2=O)N)CO
PubChem,129552,None,arginomycin,CC(CCN(C)C(=N)N)C(C(=O)NC1C=CC(OC1C(=O)O)N2C=CC(=NC2=O)N)N
PubChem,46173347,None,3-methylarginine,CC(CC[NH+]=C(N)N)C(C(=O)[O-])[NH3+]
PubChem,443631,None,4-hydroxy-3-nitrosobenzamide ,C1=CC(=C(C=C1C(=O)N)N=O)O
PubChem,24941628,Alkaloid,decarbamoylsaxitoxin,C1CN2C(=NC(C3C2(C1(O)O)N=C(N3)N)CO)N
PubChem,6474912,Other,Caryoynencin,C#CC#CC#CC#CC=CC=CC(CCCCC(=O)O)O
PubChem,5959,None,chloramphenicol,C1=CC(=CC=C1C(C(CO)NC(=O)C(Cl)Cl)O)[N+](=O)[O-]
PubChem,219203,None,citrinin,CC1C(OC=C2C1=C(C(=O)C(=C(O)O)C2=O)C)C
PubChem,9750,None,citrulline,C(CC(C(=O)O)N)CNC(=O)N
PubChem,6234,None,d-cycloserine,C1C(C(=O)NO1)N
PubChem,419813,None,desosamine,CC1CC(C(C(O1)O)O)N(C)C
PubChem,644246,None,ferrichrome,CC(=O)N(CCCC1C(=O)NC(C(=O)NC(C(=O)NCC(=O)NCC(=O)NCC(=O)N1)CCCN(C(=O)C)[O-])CCCN(C(=O)C)[O-])[O-].[Fe+3]
PubChem,160478,None,flaviolin,C1=C(C=C(C2=C1C(=O)C(=O)C=C2O)O)O
PubChem,162204,None,FR900098,CC(=O)N(CCCP(=O)(O)O)O
PubChem,6438545,None,heme D1,[H+].[H+].[H+].[H+].CC1=C(C2=CC3=C(C(=C([N-]3)C=C4C(C(=O)C(=N4)C=C5C(C(=O)C(=N5)C=C1[N-]2)(C)CC(=O)[O-])(C)CC(=O)[O-])C)C=CC(=O)[O-])CCC(=O)[O-].[Fe+2]
PubChem,9063,None,lincomycin,CCCC1CC(N(C1)C)C(=O)NC(C2C(C(C(C(O2)SC)O)O)O)C(C)O
PubChem,5376507,None,menaquinone,CC1=C(C(=O)C2=CC=CC=C2C1=O)CC=C(C)CCC=C(C)CCC=C(C)CCC=C(C)CCC=C(C)CCC=C(C)CCC=C(C)CCC=C(C)C
PubChem,122733,None,methylenomycin,CC12C(C(=C)C(=O)C1(O2)C)C(=O)O
PubChem,25202532,None,molybdenum cofactor,C(C1C(=C(C2C(O1)NC3=C(N2)C(=O)N=C(N3)N)[S-])[S-])OP(=O)([O-])[O-].O=[Mo+2]=O
PubChem,5485204,None,phaseolotoxin,CC(C(=O)NC(CCCCN=C(N)N)C(=O)O)NC(=O)C(CCCNP(=O)(N)NS(=O)(=O)O)N
PubChem,13916,None,pyrrolnitrin,C1=CC(=C(C(=C1)Cl)[N+](=O)[O-])C2=CNC=C2Cl
PubChem,6444149,None,rhizocticin,C(CC(C(=O)NC(C=CCP(=O)(O)O)C(=O)O)N)CN=C(N)N
PubChem,170973,None,roseoflavin,CC1=CC2=C(C=C1N(C)C)N(C3=NC(=O)NC(=O)C3=N2)CC(C(C(CO)O)O)O
PubChem,66541,None,toxoflavin,CN1C2=NC(=O)N(C(=O)C2=NC=N1)C
PubChem,30552,None,trichothecene,CC1=CC2C(CC1OC(=O)CC(C)C)(C3(C(C(C(C34CO4)O2)O)OC(=O)C)C)COC(=O)C
PubChem,443757,Other,Esmeraldin,CC1C2=C3C(=CC=C2)NC4=C(C=CC=C4N3C5=C1C6=NC7=C(C=CC=C7N=C6C(=C5)C(=O)O)C(C)OC(=O)C8=C(C=CC=C8O)C)C(=O)O
PubChem,6817,None,pyocyanine,CN1C2=CC=CC=C2N=C3C1=CC=CC3=O
PubChem,73491,Other,Fosfomycin,CC1C(O1)P(=O)([O-])[O-].[Na+].[Na+]
PubChem,123762,None,aerobactin,CC(=O)N(CCCCC(C(=O)O)NC(=O)CC(CC(=O)NC(CCCCN(C(=O)C)O)C(=O)O)(C(=O)O)O)O
PubChem,161532,Other,Desferrioxamine E,C1CCNC(=O)CCC(=O)N(CCCCCNC(=O)CCC(=O)N(CCCCCNC(=O)CCC(=O)N(CC1)O)O)O
PubChem,2973,None,desferrioxamine B,CC(=O)N(CCCCCNC(=O)CCC(=O)N(CCCCCNC(=O)CCC(=O)N(CCCCCN)O)O)O
PubChem,5487798,None,vibriobactin,CC1C(NC(=C2C=CC=C(C2=O)O)O1)C(=O)NCCCN(CCCNC(=O)C3=C(C(=CC=C3)O)O)C(=O)C4C(OC(=C5C=CC=C(C5=O)O)N4)C
PubChem,197680,None,vibrioferrin,CC(C(=O)NCCC(C(=O)O)C(CC(=O)O)(C(=O)O)O)N1C(=O)CCC1(C(=O)O)O
PubChem,2826713,Other,alpha-galactosylceramide,CCCCCCCCCCCCCCCCCCCCCCCCCC(=O)NC(COC1C(C(C(C(O1)CO)O)O)O)C(C(CCCCCCCCCCCCCC)O)O
PubChem,3037873,NRP,mureidomycin B,CC(C(C(=O)NC=C1CC(C(O1)N2CCC(=O)NC2=O)O)NC(=O)C(CCSC)NC(=O)NC(CC3=CC(=CC=C3)O)C(=O)O)N(C)C(=O)C(CC4=CC(=CC=C4)O)N
PubChem,56590296,None,pacidamycin D,CC(C(C(=O)NC=C1CC(C(O1)N2C=CC(=O)NC2=O)O)NC(=O)C(C)NC(=O)NC(CC3=CNC4=CC=CC=C43)C(=O)O)N(C)C(=O)C(C)N
PubChem,24847675,NRP,pristinamycin,CCC1C(=O)N2CCCC2C(=O)N(C(C(=O)N3CCC(=O)CC3C(=O)NC(C(=O)OC(C(C(=O)N1)NC(=O)C4=C(C=CC=N4)O)C)C5=CC=CC=C5)CC6=CC=CC=C6)C.CC1C=CC(=O)NCC=CC(=CC(CC(=O)CC2=NC(=CO2)C(=O)N3CCC=C3C(=O)OC1C(C)C)O)C
PubChem,221187,Saccharide,amicetin,CC1C(CCC(O1)N2C=CC(=NC2=O)NC(=O)C3=CC=C(C=C3)NC(=O)C(C)(CO)N)OC4C(C(C(C(O4)C)N(C)C)O)O
ChemSpider,4576669,NRP,Althiomycin,COC1=CC(=O)N(C1)C(=O)C2CSC(=N2)C(CO)NC(=O)C3=CSC(=CN=O)N3
PubChem,636857,NRP,andrimid,CC=CC=CC=CC(=O)NC(CC(=O)NC(C(C)C)C(=O)C1C(C(=O)NC1=O)C)C2=CC=CC=C2
PubChem,6447674,None,ansatrienin (mycotrienin),CC1C(CC=CC=CC=CC(CC(=O)NC2=CC(=O)C=C(C2=O)CCC=C(C1O)C)OC)OC(=O)C(C)NC(=O)C3CCCCC3
PubChem,14957,NRP,Antimycin,CCCCCCC1C(C(OC(=O)C(C(OC1=O)C)NC(=O)C2=C(C(=CC=C2)NC=O)O)C)OC(=O)CC(C)C
PubChem,54710080,NRP,aspyridone A,CCC(C)CC(C)C(=O)C1=C(C(=CNC1=O)C2=CC=C(C=C2)O)O
PubChem,3032396,None,azinomycin B,CC1=C2C=C(C=C(C2=CC=C1)C(=O)OC(C(=O)NC(=C3C(C(C4N3C4)O)OC(=O)C)C(=O)NC(=CO)C(=O)C)C5(CO5)C)OC
PubChem,54676871,None,bactobolin,CC(C(=O)NC1C2C(C(CC(=C2C(=O)OC1(C)C(Cl)Cl)O)O)O)N
PubChem,84068,NRP,bleomycin,CC1=C(N=C(N=C1N)C(CC(=O)N)NCC(C(=O)N)N)C(=O)NC(C(C2=CN=CN2)OC3C(C(C(C(O3)CO)O)O)OC4C(C(C(C(O4)CO)O)OC(=O)N)O)C(=O)NC(C)C(C(C)C(=O)NC(C(C)O)C(=O)NCCC5=NC(=CS5)C6=NC(=CS6)C(=O)NCCC[S+](C)C)O
PubChem,5281917,Polyketide,C-1027,CC1(C(C(C(C(O1)OC23C=CC=C2C#CC4=CC#CC3OC5=C(C=C(C=C5Cl)C(CC(=O)OCC4OC(=O)C6=C7C(=CC(=C6)OC)OC(=C)C(=O)N7)N)O)O)O)N(C)C)C
PubChem,5381230,None,caerulomycin A,COC1=CC(=CN=O)NC(=C1)C2=CC=CC=N2
ChemSpider,10476583,NRP,calyculinamide A,
PubChem,6476008,None,crocacin,CC(C=CC(=CC(=O)NC=CCC=CC(=O)NCC(=O)OC)C)C(C(C)C(C=CC1=CC=CC=C1)OC)OC
PubChem,6438401,NRP,cryptophyicin 1,CC1CNC(=O)C(NC(=O)C=CCC(OC(=O)C(OC1=O)CC(C)C)C(C)C2C(O2)C3=CC=CC=C3)CC4=CC(=C(C=C4)OC)Cl
PubChem,54682463,None,cyclopiazonic acid,CC(=O)C1=C(C2C3C(CC4=C5C3=CNC5=CC=C4)C(N2C1=O)(C)C)O
PubChem,115005,None,cylindrospermopsin,CC1C(CC2CC(NC3=NCC1N23)C(C4=CC(=O)NC(=O)N4)O)OS(=O)(=O)O
PubChem,5470965,None,cystothiazole A,CC(C)C1=NC(=CS1)C2=NC(=CS2)C=CC(C(C)C(=CC(=O)OC)OC)OC
PubChem,44583793,NRP,cytochalasin K,CC1CC=CC2C(C(=C(C3C2(C(=O)NC3CC4=CC=CC=C4)OC(=O)OC=CC(C1=O)(C)O)C)C)O
PubChem,70680459,None,delftibactin B,CC=C(C(=O)NC(CCCN(C(=O)C)O)C(=O)NC(CO)C(=O)NC(CCCN=C(N)N)C(=O)NC1CCCN(C1=O)O)NC(=O)CNC(=O)C(C(C)O)NC(=O)C(C(C(=O)O)O)NC(=O)C(C)C(C(C)N)O
PubChem,13895197,NRP,Didemnin B,CCC(C)C1C(CC(=O)OC(C(=O)C(C(=O)NC(C(=O)N2CCCC2C(=O)N(C(C(=O)OC(C(C(=O)N1)NC(=O)C(CC(C)C)N(C)C(=O)C3CCCN3C(=O)C(C)O)C)CC4=CC=C(C=C4)OC)C)CC(C)C)C)C(C)C)O
PubChem,448013,None,epothilone,CC1CCCC2(C(O2)CC(OC(=O)CC(C(C(=O)C(C1O)C)(C)C)O)C(=CC3=CSC(=N3)C)C)C
PubChem,5458342,None,fusaridione A,CC=CC1C=CC2CC(CCC2C1(C)C(=O)C3=C(N(C(C3=O)CO)C)O)C
PubChem,5282071,None,FK520,CCC1C=C(CC(CC(C2C(CC(C(O2)(C(=O)C(=O)N3CCCCC3C(=O)OC(C(C(CC1=O)O)C)C(=CC4CCC(C(C4)OC)O)C)O)C)OC)OC)C)C
PubChem,6439229,None,glidobactin,CCCCCCCC=CC=CC(=O)NC(C(C)O)C(=O)NC1CC(CCNC(=O)C=CC(NC1=O)C)O
PubChem,636718,NRP,hectochlorin,CC1C(OC(=O)C2=CSC(=N2)C(C(OC(=O)C3=CSC(=N3)C(OC1=O)C(C)(C)O)(C)C)OC(=O)C)CCCC(C)(Cl)Cl
PubChem,49787033,NRP,jamaicamide c,CC1C=CC(=O)N1C(=O)C=C(CCNC(=O)CCC=CC(C)CCC(=CCl)CCCC=C)OC
chEBI,None,NRP,alpha-lipomycin,
PubChem,44566672,Polyketide,lobophorin B,CC1=CCCC2(C(O2)CCC(=CC3C(=C(CO3)COC(=O)C)CC1)C)C
ChemSpider,21805429,Polyketide,maduropeptin,Cc1ccc(c(c1C(=O)N[C@@H]2CO[C@H]([C@@H]([C@]2(C)O)O)O[C@]34[C@@H](CC=C3C#C/C/5=C/CCC(=O)C[C@H](c6ccc(c(c6Cl)O[C@H]4C#C[C@H]5OC)OC)O)O)O)C
PubChem,23724543,None,melithiazol,CC(C(C=CC1=CSC(=N1)C2CSC(=N2)C(=C)C)OC)C(=CC(=O)OC)OC
PubChem,6437057,None,microcystin,CC1C(NC(=O)C(NC(=O)C(C(NC(=O)C(NC(=O)C(NC(=O)C(=C)N(C(=O)CCC(NC1=O)C(=O)O)C)C)CC(C)C)C(=O)O)C)CCCN=C(N)N)C=CC(=CC(C)C(CC2=CC=CC=C2)OC)C
PubChem,445434,NRP,microcystin,CC1C(NC(=O)C(NC(=O)C(C(NC(=O)C(NC(=O)C(NC(=O)C(=C)N(C(=O)CCC(NC1=O)C(=O)O)C)C)CC(C)C)C(=O)O)C)CCCN=C(N)N)C=CC(=CC(C)C(CC2=CC=CC=C2)OC)C
PubChem,445434,NRP,microcystin LR,CC1C(NC(=O)C(NC(=O)C(C(NC(=O)C(NC(=O)C(NC(=O)C(=C)N(C(=O)CCC(NC1=O)C(=O)O)C)C)CC(C)C)C(=O)O)C)CCCN=C(N)N)C=CC(=CC(C)C(CC2=CC=CC=C2)OC)C
PubChem,101096212,None,micropeptin K139,CCCCCC(=O)NC(CC(=O)O)C(=O)NC1C(OC(=O)C(NC(=O)C(N(C(=O)C(N2C(CCC(C2=O)NC(=O)C(NC1=O)CCCN=C(N)N)O)C(C)CC)C)CC3=CC=C(C=C3)O)C(C)CC)C
PubChem,10147829,None,muraymycin,CC(C)C(C(C(=O)NCCCNC(C(C1C(C(C(O1)N2C=CC(=O)NC2=O)O)O)OC3C(C(C(O3)CN)O)OC)C(=O)O)NC(=O)C(C4CCN=C(N4)N)NC(=O)NC(C(C)C)C(=O)O)O
PubChem,5748534,None,mycobactin,C1CCN(C(=O)C(C1)NC(=O)CCOC(=O)C(CCCCCN(C=O)O)NC(=O)C2COC(=C3C=CC=CC3=O)N2)O
PubChem,5282085,None,myxalamid,CC(C)C=C(C)C(C(C)C=C(C)C=CC=CC=CC=C(C)C(=O)NC(C)CO)O
ChemSpider,8899707,NRP,Nostophycin,NC(=O)CC[C@H]4NC(=O)[C@@H](O)[C@@H](C[C@H](O)CCCc1ccccc1)NC(=O)[C@@H]2CCCN2C(=O)[C@H](NC(=O)[C@@H](NC(=O)[C@@H]3CCCN3C(=O)CNC4=O)Cc5ccccc5)[C@H](C)CC
PubChem,442530,None,ochratoxin A,CC1CC2=C(C=C(C(=C2C(=O)O1)O)C(=O)NC(CC3=CC=CC=C3)C(=O)O)Cl
PubChem,456419,Other,pneumocandin A0,CCC(C)CC(C)CCCCCCCCC(=O)NC1CC(C(NC(=O)C2C(C(CN2C(=O)C(NC(=O)C(NC(=O)C3CC(CN3C(=O)C(NC1=O)C(C)O)O)C(C(C4=CC=C(C=C4)O)O)O)C(CC(=O)N)O)C)O)O)O
PubChem,9845622,NRP,pseurotin,CCC=CC(C(C1=C(C(=O)C2(O1)C(C(NC2=O)(C(=O)C3=CC=CC=C3)OC)O)C)O)O
PubChem,3072006,NRP,pyralomicin 1a,CC1=CC(=C(C2=C1OC3=C(C2=O)C=C(N3C4C=C(C(C(C4O)O)OC)CO)Cl)O)Cl
PubChem,3034101,None,pyridomycin,CCC(=C1C(=O)OC(C(C(=O)NC(C(C(C(=O)O1)C)O)CC2=CN=CC=C2)NC(=O)C3=C(C=CC=N3)O)C)C
PubChem,5284616,None,rapamycin,CC1CCC2CC(C(=CC=CC=CC(CC(C(=O)C(C(C(=CC(C(=O)CC(OC(=O)C3CCCCN3C(=O)C(=O)C1(O2)O)C(C)CC4CCC(C(C4)OC)O)C)C)O)OC)C)C)C)OC
PubChem,11695330,NRP,salinosporamide,CC12C(C(=O)NC1(C(=O)O2)C(C3CCCC=C3)O)CCCl
PubChem,5388925,None,sanglifehrin A,CCC1CC(C2(C(C(C(C(O2)CC(C(C)CCC=CC=C(C)C3CC=CC=CC(C(C(C(C(=O)NC(C(=O)NC(C(=O)N4CCCC(N4)C(=O)O3)CC5=CC(=CC=C5)O)C(C)C)CCC(=O)C)O)C)O)O)C)O)C)NC1=O)C
PubChem,442874,None,sirodesmin,CC1C(C(=O)C2(O1)CC3C(C2OC(=O)C)(CC45N3C(=O)C(S4)(N(C5=O)C)CO)O)(C)C
PubChem,60209141,NRP,Spiruchostatin A,CC1C(=O)NC2CSSCCC=CC(CC(=O)N1)OC(=O)CC(C(NC2=O)C(C)C)O
PubChem,24978526,None,syringolin A,CC(C)C1C=CC(=O)NCCC=CC(C(=O)N1)NC(=O)C(C(C)C)NC(=O)NC(C(C)C)C(=O)O
PubChem,430602,NRP,tallysomycin A,CC1C(C(C(C(O1)OC(C(C2=NC(=CS2)C3=NC(=CS3)C(=O)NCCCC(CC(=O)NCCCNCCCCN)N)O)NC(=O)C(C(C)O)NC(=O)CC(C(C)NC(=O)C(C(C4=CN=CN4)OC5C(C(C(C(O5)CO)O)O)OC6C(C(C(C(O6)CO)O)OC(=O)N)O)NC(=O)C7=C(C(=NC(=N7)C(CC(=O)N)NCC(C(=O)N)N)N)C)O)O)O)N
ChemSpider,10207541,NRP,Tenellin,CCC(C)/C=C(\C)/C=C/C(=O)c1c(c(cn(c1=O)O)c2ccc(cc2)O)O
ChemSpider,17214520,NRP,Thalassospiramide A,CCCCCC/C=C\CC(=O)N[C@@H](CO)C(=O)N[C@@H](C(C)C)C(=O)N[C@@H](CO)[C@H](CC(=O)N[C@@H](C(C)C)C(=O)N[C@H]\1COC(=O)[C@@H](N(C(=O)[C@@H](NC(=O)/C=C1)C(C)C)C)Cc2ccc(cc2)O)O
PubChem,12134544,None,tubulysin,CCC(C)C(C(=O)N(COC(=O)CC(C)C)C(CC(C1=NC(=CS1)C(=O)NC(CC2=CC=C(C=C2)O)CC(C)C(=O)O)OC(=O)C)C(C)C)NC(=O)C3CCCCN3C
PubChem,129089,NRP,Xenocoumacin II,CC(C)CC(C1CC2=C(C(=CC=C2)O)C(=O)O1)NC(=O)C(C(C3CCCN3)O)O
PubChem,5462519,None,yersiniabactin,CC1(CSC(=N1)C(C)(C)C(C2CSC(N2)C3CSC(=C4C=CC=CC4=O)N3)O)C(=O)O
PubChem,5281576,None,zearalenone,CC1CCCC(=O)CCCC=CC2=C(C(=CC(=C2)O)O)C(=O)O1
PubChem,70697970,NRP,zorbamycin,CC1C(C(C(C(O1)OC(C2=CN=CN2)C(C(=O)NC(CCO)C(C(C)C(=O)NC(C(=O)NCCC3=NC(CS3)C4=NC(=CS4)C(=O)NCCC(=N)N)C(C)(C)O)O)NC(=O)C5=C(C(=NC(=N5)C(CC(=O)N)NCC(C(=O)N)N)N)C)OC6C(C(C(C(O6)CO)O)OC(=O)N)O)O)O
PubChem,44474866,None,zwittermycin A,C(C(C(CO)N)O)C(C(C(C(C(=O)NC(CNC(=O)N)C(=O)N)O)O)N)O
PubChem,6126060,None,dynemicin,CC1C(=C(C2C#CC=CC#CC3C14C2(O4)C5=CC(=C6C(=C5N3)C(=O)C7=C(C=CC(=C7C6=O)O)O)O)OC)C(=O)O
chEBI,None,Polyketide,Polyketomycin,
PubChem,6438379,None,undecylprodigiosin,CCCCCCCCCCCC1=CC=C(N1)C=C2C(=CC(=C3C=CC=N3)N2)OC
PubChem,6438496,None,herboxidiene,CC1CCC(OC1C(=CC=CC(C)CC2(C(O2)C(C)C(C(C)O)OC)C)C)CC(=O)O
PubChem,222778,Polyketide,fumagillol,CC(=CCC1C(O1)(C)C2C(C(CCC23CO3)O)OC)C
PubChem,54734280,None,pyripyropene A,CC(=O)OCC1(C(CCC2(C1C=C(C3(C2C(=C4C(=CC(OC4=O)C5=CN=CC=C5)O3)O)C)OC(=O)C)C)OC(=O)C)C
PubChem,54697674,NRP,kirromycin,CCC(C(=O)NCC=CC=C(C)C(C(C)C1C(C(C(O1)C=CC=CC=C(C)C(=C2C(=O)C=CNC2=O)O)O)O)OC)C3(C(C(C(C(O3)C=CC=CC)(C)C)O)O)O
PubChem,54736483,Polyketide,Simocyclinone D8,CC1C(C(CC(O1)C2=C(C3=C(C=C2)C(=O)C45C(C3O)(O4)C(CC6(C5(C(=O)C=C(C6)C)O)O)O)O)OC(=O)C=CC=CC=CC=CC(=O)NC7=C(C8=C(C(=C(C=C8)O)Cl)OC7=O)O)OC(=O)C
PubChem,125715,None,cosmomycin D,CCC1(C(C2=C(C(O1)OC3CC(C(C(O3)C)OC4CC(C(C(O4)C)OC5CCC(C(O5)C)O)O)N(C)C)C(=C6C(=C2O)C(=O)C7=C(C6=O)C(=CC=C7)O)O)CC8CC(C(C(O8)C)OC9CC(C(C(O9)C)OC1CCC(C(O1)C)O)O)N(C)C)O
PubChem,25188767,None,aurachin RE,CC1=C(C(=O)C2=CC=CC=C2N1O)CC=C(C)CCC=C(C)CC(C=C(C)C)O
PubChem,90658650,Other,Liposidomycin B,CC(C)CCCCCCCCCC(CC(=O)OC1CN(C(C(=O)N(C1C(=O)[O-])C)C(C2C(C(C(O2)C3C(=O)NC(=O)C=N3)OS(=O)(=O)[O-])O)OC4C(C(C(O4)C[NH3+])O)O)C)OC(=O)CC(C)CC(=O)[O-]
PubChem,6439197,None,furaquinocin A,CC1C(C2=C(C=C3C(=C2O1)C(=O)C(=C(C3=O)OC)C)O)(C)C(CC=C(C)CO)O
PubChem,90657423,Other,Endophenazine B,CC(=CCC1=CC(=O)C=C2C1=NC3=C(C=CC=C3N2C)C(=O)[O-])C
PubChem,11947793,None,lolitrem,CC(=CC1OC2C(C(O1)(C)C)OC3CCC4(C5(C(CCC4(C36C2O6)O)CC7=C5NC8=C7C9=C(C=C8)C(=O)C1C(C9)C(OC1(C)C)(C)C)C)C)C
PubChem,10342949,Terpene,paspaline B,CC12CCC3C(C1CCC4C2(C5=C(C4)C6=CC=CC=C6N5)C)(CCC(O3)C(C)(C)O)C=O
PubChem,72425,None,teleocidin B,CC(C)C1C(=O)NC(CC2=CNC3=C4C(=CC(=C23)N1C)C(CCC4(C)C=C)(C)C(C)C)CO
PubChem,44227768,Other,bacillaene,CC(C)CC(C(=O)NCCCC=CC=CC(=CC=CC=C(C)C(CC(=O)NC(=CC=CC=CC(C)C(=O)O)C)O)C)O
PubChem,3086563,NRP,bacillomycin D,CCC(C)CCCCCCCCCCC1CC(=O)NC(C(=O)NC(C(=O)NC(C(=O)NC(C(=O)NCCCCC(=O)NC(C(=O)NC(C(=O)N1)C(C)O)CC(=O)N)CCC(=O)N)CC(=O)N)CC2=CC=C(C=C2)O)CC(=O)N
PubChem,54737730,None,corallopyronin,CC=CCC=C(C)C(CCC(=CC=C(C)C(=C1C(=O)C=C(OC1=O)C(C)CCC=CNC(=O)OC)O)C)O
PubChem,44566233,None,disorazole,CC=CC(C(C)(C)C1CC=CC=CC=CC(CC2=NC(=CO2)C(=O)OC(CC=CC3C(O3)C=CC=CC4=NC(=CO4)C(=O)O1)C(C)(C)C(C=CC)O)OC)O
PubChem,6444164,None,enacyloxin,CCC=CC(C(C(CC(=O)C(C(C(C)C(=CC=CC=C(C)C=CC=CC(=O)OC1CC(CCC1O)C(=O)O)Cl)O)O)O)Cl)OC(=O)N
PubChem,14197,Other,fengycin,CC12CCC(=O)CC1CCC3C2CCC4(C3(CCC4C5=CC(=O)OC5)O)C
PubChem,158570,None,iturin,CCCCCCCCCCCC1CC(=O)NC(C(=O)NC(C(=O)NC(C(=O)NC(C(=O)N2CCCC2C(=O)NC(C(=O)NC(C(=O)N1)CO)CC(=O)N)CCC(=O)N)CC(=O)N)CC3=CC=C(C=C3)O)CC(=O)N
PubChem,197707,NRP,Kalimantacin A,CC(CC=CC=CCCC(=C)CC(C)CC(=CC(=O)O)C)CC(=O)CC(CNC(=O)C(C)C(C)OC(=O)N)O
PubChem,6440871,None,lankacidin,CC1C2CC(C=CC(=CCC(C=CC(=CC(C(C1=O)(C(=O)O2)C)NC(=O)C(=O)C)C)O)C)O
PubChem,9849230,NRP,leinamycin,CC1C2=NC(=CS2)C=CC=CC(=O)C(C=C(CCC3(CC(=O)N1)C(C(=O)SS3=O)(C)O)C)O
PubChem,3083700,None,mycosubtilin,CCC(C)CCCCCCCCCCC1CC(=O)NC(C(=O)NC(C(=O)N2CCCC2C(=O)NC(C(=O)NC(C(=O)NC(C(=O)NC(C(=O)NC(C(=O)N1)CC(=O)N)CO)CC(=O)N)CC(=O)N)CC3=CC=C(C=C3)O)CCC(=O)N)CC(=O)N
PubChem,6450484,None,myxovirescin,CCCC1C(=O)NCC(CC(C(CCC(=CC=CC(CCCC(=O)CCCCC(CC(C(=O)O1)C)C)CC)COC)O)O)O
PubChem,10373128,NRP,Onnamide A,CC1C(OC(CC1=C)(C(C(=O)NC2C3C(C(C(C(O3)CC(CCCC=CC=CC=CC(=O)NC(CCCN=C(N)N)C(=O)O)O)(C)C)OC)OCO2)O)OC)C
PubChem,6438468,None,oxazolomycin,CC1C(=O)N(C2(C1(C(CC(C)C(C=CC=CCNC(=O)C(C)(C)C(C(=CC=CC=CCC3=CN=CO3)C)O)O)OC)O)COC2=O)C
PubChem,44575891,None,patellazole,CCC(C)OC(=O)C1(CCC(CC(C(C(=O)C(C=CCC(C(C(C(C(=CC=CC(C(OC1=O)C(C)(C=C(C)CC2=CSC(=N2)C3(C(O3)C)C)O)C)C)OC)O)O)C)C)C)O)C)C
PubChem,177799,Polyketide,pederone,CC1C(OC(CC1=C)(C(C(=O)NC(C2CC(=O)C(C(O2)CC(COC)OC)(C)C)OC)O)OC)C
PubChem,5381287,None,pederin,CC1C(OC(CC1=C)(C(C(=O)NC(C2CC(C(C(O2)CC(COC)OC)(C)C)O)OC)O)OC)C
PubChem,11456257,NRP,psymberin,CC1=C2CC(OC(=O)C2=C(C=C1O)O)C(C)C(CC3C(C(CC(O3)C(NC(=O)C(C(CC(=C)C)OC)O)OC)O)(C)C)O
PubChem,6437358,NRP,rhizoxin A,CC1C=CC2C(O2)(C(CC(OC(=O)C3C(O3)CC4CC1OC(=O)C4)C(C)C(C(=CC=CC(=CC5=COC(=N5)C)C)C)OC)O)C
PubChem,10553647,None,FR901464,CC1CC(C(OC1CC=C(C)C=CC2C(C3(CC(O2)(C)O)CO3)O)C)NC(=O)C=CC(C)OC(=O)C
PubChem,71665768,NRP,Thailanstatin A,CC1CC(C(OC1CC=C(C)C=CC2C(C3(CC(O2)CC(=O)O)CO3)O)C)NC(=O)C=CC(C)OC(=O)C
PubChem,5825095,None,thiomarinol,CC(C=CCC1COC(C(C1O)O)C(C(=CC(=O)OCCCCCCCC(=O)NC2=C3C(=CSS3)NC2=O)C)O)C(C)O
PubChem,122731,None,virginiamycin,CCC1C(=O)N2CCCC2C(=O)N(C(C(=O)N3CCC(=O)CC3C(=O)NC(C(=O)OC(C(C(=O)N1)NC(=O)C4=C(C=CC=N4)O)C)C5=CC=CC=C5)CC6=CC=CC=C6)C
PubChem,160483,Polyketide,endocrocin,CC1=CC2=C(C(=C1C(=O)O)O)C(=O)C3=C(C2=O)C=C(C=C3O)O
ChemSpider,27026603,Polyketide,divergolide D,CC[C@@H]\1CCC(=O)c2c3c(cc(c2O)C)[C@@]4([C@H](/C=C(\C(=O)O[C@@H](/C=C1)[C@H](C=C(C)C)O)/C)C(=O)NC4=CC3=O)O
ChemSpider,28536046,NRP,burkholderic acid,CCCCCCCCC/C=C(\C)/C(=O)c1cc(oc1O)C(=O)CC
PubChem,68072,Polyketide,orsellinic acid,CC1=CC(=CC(=C1C(=O)O)O)O
PubChem,44559211,NRP,aspirochlorine,CON1C(=O)C2NC(=O)C13C(C4=CC(=C(C=C4O3)O)Cl)SS2
PubChem,72193954,None,puwainaphycin D,CCC(CCCCCCCCCC(C)C1C(C(=O)NC(C(=O)NC(=CC)C(=O)NC(C(=O)NC(C(=O)NC(C(=O)NCC(=O)NC(C(=O)N(C(C(=O)N2CCCC2C(=O)N1)CC(=O)N)C)C(C)OC)CCC(=O)N)C(C)C)C(C)O)C(C)C)O)Cl
chEBI,None,Terpene,ambiguine I isonitrile,
PubChem,71576813,Other,Photopyrone D,CC(C)CCCCCCC1=C(C=C(OC1=O)CC(C)C)O
PubChem,5287620,Polyketide,brefeldin A,CC1CCCC=CC2CC(CC2C(C=CC(=O)O1)O)O
PubChem,56682060,RiPP,cyclothiazomycin B,CC=C1C(=O)NC2(C(=O)NC(C(=O)NCC(=O)NC(=CC)C(=O)N3CCCC3C(=O)NC(C4=C(C=CC(=N4)C5=NC(=CS5)C6=NC(CS6)C(=O)NC(=C)C7=NC(=CS7)C8=NC(=CS8)C9=NC(CS9)C(=O)NC(CS2)C(=O)O)C(=O)NC(C2=NC(CS2)C(=O)N1)CC(=O)N)C)CCCNC(=N)N)C
PubChem,4461,NRP,congocidine,CN1C=C(C=C1C(=O)NC2=CN(C(=C2)C(=O)NCCC(=N)N)C)NC(=O)CN=C(N)N
ChemSpider,8274723,NRP,brabantamide A,O=C2O\C(=C\C(=O)NC(=O)CC(O[C@@H]1O[C@H]([C@H](O)[C@@H](O)[C@H]1O)C)CCCCCCCCCCC)C3N2CCC3
PubChem,10100233,Polyketide,pamamycin,CCCC1CC2CCC(O2)C(C(=O)OC(C(C3CCC(O3)C(C(=O)O1)C)C)C(C)C4CCC(O4)CC(CCC)N(C)C)C
PubChem,133204,Other,2-hydroxyethylclavam,C1C2N(C1=O)CC(O2)CCO
ChemSpider,8923602,NRP,fusaricidin B,C[C@@H]1[C@@H](C(=O)N[C@@H](C(=O)N[C@H](C(=O)N[C@@H](C(=O)N[C@@H](C(=O)N[C@@H](C(=O)O1)C)CCC(=O)N)[C@@H](C)O)C(C)C)C(C)C)NC(=O)CC(CCCCCCCCCCCCN=C(N)N)O
PubChem,9833652,NRP,polymyxin B,CCC(C)CCCCC(=O)NC(CCN)C(=O)NC(C(C)O)C(=O)NC(CCN)C(=O)NC1CCNC(=O)C(NC(=O)C(NC(=O)C(NC(=O)C(NC(=O)C(NC(=O)C(NC1=O)CCN)CC2=CC=CC=C2)CC(C)C)CCN)CCN)C(C)O
PubChem,16130335,RiPP,GE2270,CC1=C2C(=O)NCC(=O)NC(C3=NC(=CS3)C4=NC(=CS4)C5=C(C=CC(=N5)C6=NC(=CS6)C7=NC(CO7)C(=O)N8CCCC8C(=O)N)C9=NC(=CS9)C(=O)NC(C3=NC(=C(S3)COC)C(=O)NC(C(=N2)S1)CC(=O)NC)C(C)C)C(C1=CC=CC=C1)O
PubChem,44450228,Terpene,Platencin,CC1(C2CC3CCC2(CC3=C)C=CC1=O)CCC(=O)NC4=C(C=CC(=C4O)C(=O)O)O
PubChem,3081434,RiPP,Bottromycin A2,CC1CCN2C1C(=O)NC(C(=O)NC(C(=NCC2=O)NC(C(=O)NC(C(C)C3=CC=CC=C3)C(=O)NC(CC(=O)OC)C4=NC=CS4)C(C)(C)C)C(C)(C)C)C(C)C
PubChem,5281730,Polyketide,bikaverin,CC1=CC(=CC2=C1C(=O)C3=C(C4=C(C(=C3O2)O)C(=O)C(=CC4=O)OC)O)OC
ChemSpider,28184646,Polyketide,"(14Z)-1,14-Nonadecadiene",CCCC/C=C\CCCCCCCCCCCC=C
PubChem,23217,Polyketide,1-heptadecene,CCCCCCCCCCCCCCCC=C
PubChem,6438908,NRP,Curacin A,CC1CC1C2=NC(CS2)C=CCCC=CC=C(C)CCC(CC=C)OC
PubChem,107864,NRP,HC-toxin,CC1C(=O)NC(C(=O)N2CCCC2C(=O)NC(C(=O)N1)C)CCCCCC(=O)C3CO3
PubChem,6437838,Polyketide,piericidin A1,CC=C(C)C(C(C)C=C(C)C=CCC(=CCC1=C(C(=O)C(=C(N1)OC)OC)C)C)O
ChemSpider,28419936,RiPP,plantazolicin,
PubChem,403671,Polyketide,Mensacaricin,CC1C(C23C(=O)C4=C(C(C2(O3)C(C1(C(=O)C5C(O5)C)O)O)OC)C(=CC=C4)OC)O
PubChem,6439522,Other,isopropylstilbene,CC(C)C1=C(C=C(C=C1O)C=CC2=CC=CC=C2)O
PubChem,160175,Other,bacilysin,CC(C(=O)OC(=O)C(CC1CCC(=O)C2C1O2)N)N
PubChem,125349,NRP,bacillibactin,CC1C(C(=O)OC(C(C(=O)OC(C(C(=O)O1)NC(=O)CNC(=O)C2=C(C(=CC=C2)O)O)C)NC(=O)CNC(=O)C3=C(C(=CC=C3)O)O)C)NC(=O)CNC(=O)C4=C(C(=CC=C4)O)O
PubChem,3442,None,fusaric acid,CCCCC1=CN=C(C=C1)C(=O)O
PubChem,25138298,None,colistin B,CC(C)CCCCC(=O)NC(CCN)C(=O)NC(C(C)O)C(=O)NC(CCN)C(=O)NC1CCNC(=O)C(NC(=O)C(NC(=O)C(NC(=O)C(NC(=O)C(NC(=O)C(NC1=O)CCN)CC(C)C)CC(C)C)CCN)CCN)C(C)O
PubChem,6870,None,thiolutin,CC(=O)NC1=C2C(=CSS2)N(C1=O)C
PubChem,6436205,None,hitachimycin,CC1=CC2CC(C(=C2C(=O)CC(CCC=CCC(NC(=O)C=CC=C1)C3=CC=CC=C3)O)O)OC
PubChem,44605341,None,lorneic acid A,CCCCC=CC1=C(C=CC(=C1)C)C=CCC(=O)O
PubChem,288227,None,(+)-eremophilene,CC1CCC=C2C1(CC(CC2)C(=C)C)C
PubChem,73348086,None,versipelostatin,CCC1=CC(CC(C(C(CCCC2(C=C(C(CC23C(=O)C(=C(C4(C1C(=CC5C4C(C(=O)CC5O)C)C)CC)O)C(=O)O3)C)C)C)C)OC6CC(C(C(O6)C)OC7CC(C(C(O7)C)OC8CC(C(C(O8)C)O)O)OC)O)C)CO
PubChem,11476943,None,communesin H,CCC(=O)N1CCC23C1N4CCC25C(NC6=CC=CC=C36)N(C7=CC=CC(=C57)C4C8C(O8)(C)C)C
PubChem,3082186,None,indolmycin,CC(C1C(=O)N=C(O1)NC)C2=CNC3=CC=CC=C32
PubChem,86341926,None,teixobactin,CCC(C)C1C(=O)OC(C(C(=O)NC(C(=O)NC(C(=O)N1)CC2CN=C(N2)N)C)NC(=O)C(CO)NC(=O)C(C(C)CC)NC(=O)C(C(C)CC)NC(=O)C(CCC(=O)N)NC(=O)C(CO)NC(=O)C(C(C)CC)NC(=O)C(CC3=CC=CC=C3)NC)C
PubChem,91666311,None,streptide,CC(C)C(C(=O)NC(CCSC)C(=O)O)NC(=O)C(CCCCN)NC(=O)C1CC2=CNC3=C2C=CC=C3C(C(C(=O)NCC(=O)NC(C(=O)NCC(=O)N1)CC(=O)O)NC(=O)C(C)N)CCCN
PubChem,89778,None,shanorellin,CC1=C(C(=O)C(=O)C(=C1O)C)CO
PubChem,20054860,None,celesticetin,CC(C(C1C(C(C(C(O1)SCCOC(=O)C2=CC=CC=C2O)O)O)O)NC(=O)C3CCCN3C)OC
ChemSpider,29212820,NRP,Salinamide E,CC[C@@H](C)[C@@H]1C(=O)N[C@H](C(=O)N([C@H](C(=O)N[C@@H](C(=O)N[C@H](C(=O)O[C@@H]([C@@H](C(=O)N1)NC(=O)[C@H](C)[C@@H](C(C)C)O)C)CO)[C@@H](C)O)Cc2ccccc2)C)c3ccc(cc3)OC
PubChem,171548,None,biotin,C1C2C(C(S1)CCCCC(=O)O)NC(=O)N2
PubChem,24762344,None,serinocyclin A,C1CNC(=O)C(NC(=O)C(NC(=O)C2CC(CN2C(=O)C3(CC3)NC(=O)C(NC(=O)C(NC1=O)CO)CO)O)CO)CC(CCN)O
PubChem,8223,None,ergotamine,CC1(C(=O)N2C(C(=O)N3CCCC3C2(O1)O)CC4=CC=CC=C4)NC(=O)C5CN(C6CC7=CNC8=CC=CC(=C78)C6=C5)C
PubChem,73421,None,fusarubin,CC1(CC2=C(CO1)C(=C3C(=O)C=C(C(=O)C3=C2O)OC)O)O
PubChem,11654791,None,botcinin A,CCCCC(C=CC(=O)OC1C(C2C(C(C(C(=O)O2)C)OC(=O)C)(OC1C)C)C)O
PubChem,114679,None,(-)-Mellein,CC1CC2=C(C(=CC=C2)O)C(=O)O1
PubChem,14562696,None,lasiodiplodin,CC1CCCCCCCC2=C(C(=CC(=C2)O)OC)C(=O)O1
PubChem,90471707,None,cercosporin,CC(CC1=C2C3=C(C(=C(C4=C3C5=C6C2=C(C(=O)C=C6OCOC5=CC4=O)C(=C1OC)O)O)OC)CC(C)O)O
PubChem,6918349,None,clavaric acid,CC(CCC(C(C)(C)O)O)C1CCC2(C1(CCC3=C2CCC4C3(CC(C(=O)C4(C)C)OC(=O)CC(C)(CC(=O)O)O)C)C)C
PubChem,6450064,None,dimethylcoprogen,CC(=CC(=O)N(CCCC1C(=O)NC(C(=O)N1)CCCN(C(=O)C=C(C)CCOC(=O)C(CCCN(C(=O)C=C(C)CCO)[O-])N(C)C)[O-])[O-])CCO.[Fe+3]
PubChem,54684703,None,equisetin,CC=CC1C=CC2CC(CCC2C1(C)C(=C3C(=O)C(N(C3=O)C)CO)O)C
PubChem,99148,None,atromentin,C1=CC(=CC=C1C2=C(C(=O)C(=C(C2=O)O)C3=CC=C(C=C3)O)O)O
PubChem,440202,None,"1,3,6,8-tetrahydroxynaphthalene",C1=C2C=C(C=C(C2=C(C=C1O)O)O)O
PubChem,68438,None,"1,8-dihydroxynaphthalene",C1=CC2=C(C(=C1)O)C(=CC=C2)O
PubChem,101523,None,elsinochrome A,CC(=O)C1C(C2=C3C4=C1C(=C(C5=C4C(=C6C3=C(C(=O)C=C6OC)C(=C2OC)O)C(=CC5=O)OC)O)OC)C(=O)C
PubChem,10094631,None,terpendole E,CC12CCC3C(C1CCC4C2(C5=C(C4)C6=CC=CC=C6N5)C)(C(CC(O3)C(C)(C)O)O)C
PubChem,174610,None,AM-toxin,CC1C(=O)OC(C(=O)NC(C(=O)NC(=C)C(=O)N1)CCC2=CC=C(C=C2)OC)C(C)C
PubChem,46173828,None,AK-toxin,CC(C1=CC=CC=C1)C(C(=O)OC(C=CC=CC=CC(=O)O)C2(CO2)C)NC(=O)C
PubChem,443884,None,ergometrine,CC(CO)NC(=O)C1CN(C2CC3=CNC4=CC=CC(=C34)C2=C1)C
PubChem,71308160,None,betaenone C,CCC(C)C1C(C2C(CC(CC2C(=O)C1(C)O)(C)O)C)(C)C(=O)C=CO
PubChem,6325610,None,melanin,CC1=C2C3=C(C4=CNC5=C(C(=O)C(=O)C(=C45)C3=CN2)C)C(=O)C1=O
PubChem,440904,None,elymoclavine,CN1CC(=CC2C1CC3=CNC4=CC=CC2=C34)CO
PubChem,15942871,None,fusarin,CC=C(C)C=C(C)C=C(C)C=CC=C(C)C(=O)C12C(O1)C(NC2=O)(CCO)O
PubChem,443456,None,gibberellin A9,CC12CCCC3(C1C(C45C3CCC(C4)C(=C)C5)C(=O)O)OC2=O
PubChem,5491812,None,emericellin,CC1=CC2=C(C(=C1OCC=C(C)C)CO)C(=O)C3=C(C=CC(=C3O2)CC=C(C)C)O
PubChem,495866,None,elsinochrome C,CC(C1C(C2=C3C4=C1C(=C(C5=C4C(=C6C3=C(C(=O)C=C6OC)C(=C2OC)O)C(=CC5=O)OC)O)OC)C(C)O)O
PubChem,156698,None,asperlactone,CC1C(O1)C2=CC(OC2=O)C(C)O
PubChem,72948270,None,diacetylated lactonic sophorolipid,CC1CCCCCCC=CCCCCCCCC(=O)OC2C(OC(C(C2O)O)OC3C(C(C(OC3O1)COC(=O)C)O)O)COC(=O)C
PubChem,11279,None,6-methylsalicyclic acid,CC1=C(C(=CC=C1)O)C(=O)O
PubChem,76333597,None,3-acetyl T-2 toxin,CC1=CC2C(CC1OC(=O)CC(C)C)(C3(C(CC(C(C34CO4)O2)OC(=O)C)OC(=O)C)C)COC(=O)C
PubChem,44593339,None,roridin E,CC1=CC2C3(CC1)COC(=O)C=C(CCOC(C=CC=CC(=O)OC4C3(C5(CO5)C(C4)O2)C)C(C)O)C
PubChem,5478031,None,betaenone A,CCC(C)C1C2(C3C(CC(CC3C(C1(C)O)(C(=CO)C2=O)O)(C)O)C)C
PubChem,52922086,None,ustilagic acid,CCCC(CC(=O)OC1C(C(C(OC1OC2C(OC(C(C2O)O)OCC(CCCCCCCCCCCCC(C(=O)O)O)O)COC(=O)C)CO)O)O)O
PubChem,72734303,None,lolitriol,CC1(C2CC3=C(C=CC4=C3C5=C(N4)C6(C(C5)CCC7(C6(CCC8C79C(O9)C(C(O8)C(C)(C)O)O)C)O)C)C(=O)C2C(O1)(C)C)C
ChemSpider,10480436,Other,Pseudopyronine B,CCCCCCCC1=CC(=C(C(=O)O1)CCCCCC)O
PubChem,811,None,itaconic acid,C=C(CC(=O)O)C(=O)O
PubChem,53344649,None,chaxamycin D,CC1C=CC=CC(=O)NC2=C(C(=O)C3=C(C2=O)C(=C(C4=C3C(C(O4)(OC=CC(C(C(C(C(C(C1O)C)O)C)OC(=O)C)C)O)C)O)C)O)C
PubChem,101796870,None,maklamicin,CC1CCC2C(C1)C=CC3C2(C(=C4C(=O)C5(CC(C(=CC5(CC=CC3C)C)CO)CC(C)O)OC4=O)O)C
PubChem,16216152,None,emericellamide B,CCCCCCC(C)CC(C)C1C(C(=O)NCC(=O)NC(C(=O)NC(C(=O)NC(C(=O)NC(C(=O)O1)C)C)CC(C)C)C(C)C)C
PubChem,133379,None,A33853,C1=CC(=C(C(=C1)O)NC(=O)C2=C(C=CC=N2)O)C3=NC4=C(C=CC=C4O3)C(=O)O
PubChem,101788223,None,cyclizidine,CC(=CC1C(C(C2N1CCC3C2O3)(C)O)O)C=CC4CC4
PubChem,54704722,None,cremeomycin,COC1=C(C(=C(C=C1)C(=O)O)[O-])[N+]#N
PubChem,24742044,None,chlorotonil,CC1C=CC=CC(OC(=O)C(C(=O)C(C(=O)C2C1C=CC3C2C(C=C(C3)C)C)(Cl)Cl)C)C
PubChem,5351222,None,lomofungin,COC(=O)C1=C2C(=C(C=C1)O)NC3=C(C(=CC(=O)C3=N2)O)C=O
PubChem,44584646,None,aflavarin,CC1=CC(=C(C2=C1C(=CC(=O)O2)OC)C3=C(C4=C(C=C(C=C4OC3=O)OC)CO)OC)OC
PubChem,932,None,naringenin,C1C(OC2=CC(=CC(=C2C1=O)O)O)C3=CC=C(C=C3)O
PubChem,72937,None,viscosin,CCCCCCCC(CC(=O)NC(CC(C)C)C(=O)NC(CCC(=O)O)C(=O)NC1C(OC(=O)C(NC(=O)C(NC(=O)C(NC(=O)C(NC(=O)C(NC(=O)C(NC1=O)C(C)C)CC(C)C)CO)CC(C)C)CO)C(C)CC)C)O
PubChem,12302184,None,tirucalla,CC(CCC=C(C)C)C1CCC2(C1(CCC3C2=CCC4C3(CCC(C4(C)C)O)C)C)C
PubChem,101900499,None,lycosantalonol,CC(=CCCC(C)(C(=O)CCC1(C2CC3C1(C3C2)C)C)O)C
PubChem,275196,None,noscapine,CN1CCC2=CC3=C(C(=C2C1C4C5=C(C(=C(C=C5)OC)OC)C(=O)O4)OC)OCO3
PubChem,66575233,Alkaloid,BE-54017,CN1C2=C(C=C(C=C2)Cl)C3=C1C4=C(C5=CC=CC=C5N4C6(C3(C(=O)N(C6=O)C)O)O)OC
PubChem,25053150,Alkaloid,cladoniamide G,CNC(=O)C1(C2=C(C3=C(C4=C(N3C1=O)C=CC(=C4)Cl)OC)NC5=C2C=C(C=C5)Cl)O
PubChem,102196436,Alkaloid,borregomycin D,CN1C(=O)C2(C3=C(C4=C(C2(C1=O)O)C5=C(N4)C=C(C=C5)Cl)NC6=C3C=CC(=C6)Cl)O
PubChem,102584107,Alkaloid,erdasporine C,COC(=O)C1C2=C3C4=CC=CC=C4NC3=C5C(=C2C(=O)N1)C6=CC=CC=C6N5
ChemSpider,10222475,Polyketide,Citrinin,C[C@@H]1[C@H](OC=C2C1=C(C(=O)C(=C2O)C(=O)O)C)C
ChemSpider,4942838,Polyketide,Squalestatin S1,CC[C@H](C)C[C@H](C)/C=C/C(=O)O[C@@H]1[C@H]([C@]2(O[C@@H]([C@]([C@@]1(O2)C(=O)O)(C(=O)O)O)C(=O)O)CCC(=C)[C@H]([C@H](C)Cc3ccccc3)OC(=O)C)O
PubChem,59317595,None,Cmc-thuggacin B,CC=C(C)C=C(C)CC(C)C1C(C(CC=CC=CC(CC(C(C2=NC(=CS2)C=C(C(=O)O1)C)CO)O)O)O)O
PubChem,6124753,None,aurachin D,CC1=C(C(=O)C2=CC=CC=C2N1)CC=C(C)CCC=C(C)CCC=C(C)C
PubChem,11422937,None,tubulysin I,CCC(C)C(C(=O)N(COC(=O)C)C(CC(C1=NC(=CS1)C(=O)NC(CC2=CC=C(C=C2)O)CC(C)C(=O)O)OC(=O)C)C(C)C)NC(=O)C3CCCCN3C
PubChem,10873133,None,myxochelin B,C1=CC(=C(C(=C1)O)O)C(=O)NCCCCC(CN)NC(=O)C2=C(C(=CC=C2)O)O
PubChem,102518265,Polyketide,JBIR-100,CC1CC(=CC=CCC(OC(=O)C(=CC(=CC(C1O)C)C)C)C(C)C(C(C)C2(CC(C(C(O2)C(C)C)C)OC(=O)C=CC(=O)O)O)O)C
PubChem,76332081,None,heronamide F,CC=CC=CCC1CC2C=CC(=CC3C=CC(C(C3C(=CC=CC2C(=O)N1)C)O)O)C
PubChem,101209503,None,phormidolide,CCCCCCCCCCCCCCCC(=O)OC(CC(C(C)C(CC(C(C)(C)C(CC(=CC(C1(C2CC(O1)CC(=CC(=C)CC(CC=CC(=CC(=O)O2)C)O)C)C)O)C)O)O)O)O)CC(=C)C(=CBr)OC
PubChem,102126547,None,carbamidocyclophane F,CC1CCCCC(C2=C(C=C(C=C2O)C(C(CCCCC(C3=C(C=C(C1O)C=C3O)O)CCCC(Cl)Cl)C)OC(=O)N)O)CCCC(Cl)Cl
PubChem,6440573,None,leucinostatin B,CCC(C)C=CC(=O)N1CC(CC1C(=O)NC(CC(C)CC(CC(=O)CC)O)C(=O)NC(C(C(C)C)O)C(=O)NC(C)(C)C(=O)NC(CC(C)C)C(=O)NC(CC(C)C)C(=O)NC(C)(C)C(=O)NC(C)(C)C(=O)NCCC(=O)NC(C)CNC)C
PubChem,46187193,None,sodorifen,CC1C(=C)C(C2(C(C1(C(=C2C)C)C)C)C)C
PubChem,44632924,None,tropodithietic acid,C1=CC(=O)C(=C2C(=C1)SS2)C(=O)O
PubChem,9868865,None,BE-24566B,CC1=CC(=CC2=C1C3C4=C(C5=C(C=C4CC(O3)(O2)C)C(C6=C(C5=O)C(=CC(=C6)O)O)(C)C)O)O
PubChem,9898144,None,echinocandin B,CCCCCC=CCC=CCCCCCCCC(=O)NC1CC(C(NC(=O)C2C(C(CN2C(=O)C(NC(=O)C(NC(=O)C3CC(CN3C(=O)C(NC1=O)C(C)O)O)C(C(C4=CC=C(C=C4)O)O)O)C(C)O)C)O)O)O
PubChem,485851,None,sordarin,CC1CCC2C1CC3(C4CC2(C3(C(=C4)C(C)C)C(=O)O)C=O)COC5C(C(C(C(O5)C)OC)O)O
PubChem,442119,None,thienodolin,C1=CC2=C(C=C1Cl)NC3=C2C=C(S3)C(=O)N
PubChem,3086086,None,penitrem F,CC(=C)C1C(C2C3(O2)C(O1)CCC4(C3(CCC5C4(C6=C7C5OC(C8CC9C8C1=C7C(=CC(=C1CC9=C)Cl)N6)(C)C)C)O)C)O
PubChem,16744765,None,uncialamycin,CC(C12C3C#CC=CC#CC(C1(O2)C4=CC(=C5C(=C4N3)C(=O)C6=CC=CC=C6C5=O)O)O)O
PubChem,70678686,None,brasilinolide B,CCCCC(C(=O)OC)C(=O)OC1CCCC(C2C(O2)C(C(OC(=O)C=CCC(CC(CC(CCC(C(CC3(C(C(CC(O3)CC(C1)O)O)O)O)O)C)O)O)O)C(C)C(C(C)C(C(C)C(C)OC4CC(C(C(O4)C)OC)OC)O)O)C)O
PubChem,11003906,None,macrolactin 3a,CC1CCCC=CC=CC(=O)CC(CC=CC=CC(CC=CC=CC(=O)O1)O)O
PubChem,102200780,None,saprolmycin E,CC1C(CCC(O1)OC2C(OC(CC2O)C3=C(C4=C(C=C3)C(=O)C5=C(C4=O)C=CC6(C5(C(=O)CC(C6)(C)OC7C=CC(=O)C(O7)C)O)O)O)C)OC8C=CC(=O)C(O8)C
PubChem,164723,None,byssochlamic acid,CCCC1CC2=C(CC(CC3=C1C(=O)OC3=O)CC)C(=O)OC2=O
PubChem,72299,None,nucleocidin,C1=NC(=C2C(=N1)N(C=N2)C3C(C(C(O3)(COS(=O)(=O)N)F)O)O)N
PubChem,10405997,None,LL-Z1272beta,CC1=CC(=C(C(=C1C=O)O)CC=C(C)CCC=C(C)CCC=C(C)C)O
ChemSpider,57427231,None,lugdunin,CC(C)CC1C(=O)NC(C(=O)NC(C(=O)NC(C2NC(CS2)C(=O)NC(C(=O)NC(C(=O)N1)Cc3c[nH]c4c3cccc4)C(C)C)C(C)C)C(C)C)C(C)C
PubChem,16131923,None,teichomycin,CCCCCCCCCC(=O)NC1C(C(C(OC1OC2=C3C=C4C=C2OC5=C(C=C(C=C5)C(C6C(=O)NC(C7=C(C(=CC(=C7)O)OC8C(C(C(C(O8)CO)O)O)O)C9=C(C=CC(=C9)C(C(=O)N6)NC(=O)C4NC(=O)C1C2=CC(=CC(=C2)OC2=C(C=CC(=C2)C(C(=O)NC(CC2=CC(=C(O3)C=C2)Cl)C(=O)N1)N)O)O)O)C(=O)O)OC1C(C(C(C(O1)CO)O)O)NC(=O)C)Cl)CO)O)O
PubChem,102425548,None,aldgamycin E,CC1CC(C(=O)CCC2C(O2)C(C(OC(=O)C=CC(C1OC3C(C4(CC(O3)C)C(OC(=O)O4)C)O)C)C)COC5C(C(C(C(O5)C)O)OC)OC)C
PubChem,23643564,None,phomopsin B,CCC(=C(C(=O)NC(=CC(=O)O)C(=O)O)NC(=O)C1C=CCN1C(=O)C2C(OC3=C(C=CC(=C3)C(C(C(=O)NC(C(=O)N2)C(=C)C)NC)O)O)(C)CC)C
PubChem,9829143,None,fellutamide B,CCCCCCCCCC(CC(=O)NC(CC(=O)N)C(=O)NC(CCC(=O)N)C(=O)NC(CC(C)C)C=O)O
PubChem,6436023,None,citreoviridin,CC1C(C(C(O1)(C)C=C(C)C=CC=CC=CC2=C(C(=CC(=O)O2)OC)C)O)(C)O
ChemSpider,35013816,None,melleolide F,Cc1cc(cc(c1C(=O)OC2CC3(C2(C(=CC4C3CC(C4)(C)C)CO)O)C)O)O
PubChem,57134655,None,cyclochlorotine,CCC1C(=O)NC(C(=O)NC(CC(=O)NC(C(=O)N2CC(C(C2C(=O)N1)Cl)Cl)CO)C3=CC=CC=C3)CO
PubChem,3035292,None,trypacidin,CC1=CC2=C(C(=C1)OC)C(=O)C3(O2)C(=CC(=O)C=C3OC)C(=O)OC
PubChem,24857881,None,chaetomugilin,CC1C(OC(=O)C2C1(OC3(C2C4=COC(=CC4=C(C3=O)Cl)C=CC(C)C(C)O)C)O)C
PubChem,105539882,None,telomycin,CC1C(C(=O)NC(C(=O)NC(C(=O)NCC(=O)N2CCC(C2C(=O)NC(=CC3=CNC4=CC=CC=C43)C(=O)NC(C(=O)NC(C(=O)N5CCC(C5C(=O)O1)O)C(C(C)C)O)C(C)C6=CNC7=CC=CC=C76)O)C)C(C)O)NC(=O)C(CO)NC(=O)CC(C(=O)O)N
